precio,metros,habitaciones,banos,edad,distancia_centro,estacionamientos,ingreso_zona,crimen_zona,escuelas_cerca,parques_cerca
179343.62,137.38,4,3,45,2.16,1,72960.19,20.77,1,1
183665.81,115.16,4,3,13,6.0,0,58457.23,35.37,7,2
76228.48,142.67,3,1,36,4.26,0,61273.94,41.51,7,2
159401.65,173.31,1,3,17,14.46,2,80358.04,33.31,5,0
123530.46,111.8,3,1,23,8.0,3,61946.22,38.1,3,4
128257.92,111.81,5,3,13,7.17,2,83290.03,38.17,0,3
110184.26,175.27,4,2,33,7.31,1,52127.78,39.9,7,1
111246.98,146.86,2,3,57,6.42,3,43543.95,30.45,3,1
115491.27,103.57,5,1,11,21.89,3,55650.1,37.79,0,1
95613.69,138.99,4,3,21,7.39,2,20000.0,31.64,1,2
88263.01,103.78,3,1,55,6.05,1,73586.43,33.91,7,3
146867.76,103.7,5,1,5,10.49,3,44416.52,60.52,1,1
82135.01,128.47,4,2,35,5.4,0,50734.57,32.42,0,1
76293.58,53.04,1,2,44,2.12,1,70744.18,15.02,5,0
50000.0,59.63,1,1,35,10.75,3,61786.82,28.03,1,4
112613.73,100.32,2,3,21,10.42,2,53391.82,26.89,2,4
208247.6,84.55,4,1,13,2.3,3,29451.86,27.35,2,4
91695.03,131.0,1,1,15,14.32,0,79512.12,39.53,3,0
50000.0,88.22,3,3,35,6.37,1,70846.2,41.31,6,2
151281.22,70.57,4,3,55,18.87,3,90835.82,28.94,2,0
171810.3,171.3,3,3,24,16.55,0,51054.3,16.08,2,1
132520.72,112.1,3,3,31,2.0,3,38183.25,30.99,5,3
151285.64,122.36,1,1,32,23.35,3,74921.33,24.57,5,1
50000.0,70.13,4,1,44,6.81,1,57179.1,32.1,6,1
233528.27,100.95,5,2,35,6.19,2,69422.55,28.79,4,3
79419.54,123.88,1,1,19,27.83,2,84298.73,42.16,6,4
128163.29,79.72,1,3,17,8.38,0,65822.3,32.75,4,0
307365.23,133.15,4,2,37,4.14,0,62509.48,24.6,5,2
181356.6,98.98,4,3,2,5.35,0,63450.04,16.14,4,1
77371.14,109.79,3,1,22,13.52,1,35441.28,29.52,5,1
55272.78,98.94,4,2,31,18.11,2,76620.57,29.56,4,2
142235.85,184.83,3,3,44,13.99,0,77581.29,27.38,1,0
50000.0,119.53,1,2,58,5.3,0,67958.55,37.75,5,1
117842.26,82.98,2,2,15,7.52,3,37268.93,16.17,6,2
301358.28,148.79,5,1,58,3.82,3,58182.77,22.37,3,1
135650.65,77.27,1,3,4,2.48,0,81577.89,30.53,3,4
132618.33,127.31,4,2,3,21.46,3,51513.7,24.4,5,4
107027.62,51.41,5,2,20,7.65,3,77763.8,26.43,2,1
76175.56,73.51,2,3,39,10.14,3,60826.45,29.4,7,1
157628.81,126.89,2,2,50,7.17,1,70687.56,36.86,3,4
143998.94,145.85,3,2,13,9.91,0,53817.88,28.99,6,1
212909.02,126.0,5,2,38,14.58,0,61265.71,10.3,2,0
92800.14,115.95,3,3,30,23.45,3,66550.73,23.97,3,0
85653.18,109.46,1,3,13,16.98,1,43751.49,34.96,7,3
77018.87,68.25,5,3,5,6.91,3,64108.7,37.63,0,0
50000.0,94.81,1,3,11,5.12,1,20000.0,38.18,0,1
50000.0,103.88,3,1,15,10.94,0,50977.47,41.01,5,1
96889.84,157.0,5,2,16,12.17,3,68158.25,31.18,7,2
166228.37,132.03,3,3,44,6.06,0,76803.94,32.63,6,0
57676.91,58.29,5,2,22,4.94,1,67091.28,19.86,6,4
194397.38,131.34,3,2,13,10.75,2,39145.25,8.25,3,4
100270.95,106.52,2,1,6,12.83,1,75492.87,15.82,1,3
161372.6,96.31,3,3,45,3.77,2,42912.75,22.98,2,2
103570.04,141.41,2,3,31,4.36,0,69212.98,16.4,7,4
184741.07,156.08,3,2,14,8.35,0,43412.49,27.07,3,3
204517.6,152.59,5,3,43,4.36,3,48401.91,25.38,5,0
138073.95,90.63,5,2,16,11.19,2,45654.76,39.38,7,2
183903.05,109.18,5,2,40,10.97,1,62084.38,20.31,2,2
91243.83,131.59,4,1,53,10.99,0,57066.98,31.41,4,1
50000.0,154.14,1,1,46,4.49,2,67633.64,25.8,5,0
150680.83,103.23,5,1,43,4.04,1,59720.48,19.93,3,2
117525.46,113.5,2,2,33,9.13,2,37231.9,22.72,1,3
194924.49,81.28,5,3,4,5.61,1,64137.19,9.49,7,4
50000.0,78.13,4,1,44,4.01,1,33567.52,37.48,4,0
105771.36,148.44,2,3,26,5.62,1,46742.19,44.02,5,0
224445.26,167.47,4,1,51,2.71,1,54541.3,27.33,3,2
50000.0,117.48,2,1,22,12.71,2,53501.95,30.29,0,2
52385.0,155.12,3,2,39,11.28,2,35288.81,27.04,6,2
50000.0,132.66,1,1,58,8.71,3,80567.39,21.8,3,3
97648.49,97.42,1,1,13,1.03,2,84720.04,37.05,0,1
254537.36,132.65,4,2,14,6.4,2,93761.63,33.19,0,2
315495.58,173.83,1,3,42,9.54,3,77214.77,5.0,5,1
176076.46,118.75,4,1,32,2.64,2,54068.3,19.65,3,1
142323.73,174.76,4,2,52,4.68,1,53809.81,9.47,6,0
50000.0,40.0,4,1,30,6.15,0,52981.59,45.55,3,4
163979.56,148.77,1,2,34,12.67,0,89784.57,28.28,0,4
232726.63,123.05,4,3,16,8.7,3,58266.88,32.41,2,3
112012.1,109.53,1,3,27,5.78,2,79038.49,26.47,4,3
229551.39,123.21,4,2,18,3.49,2,77871.52,41.03,1,4
51988.48,50.44,5,2,45,15.87,3,62843.22,38.61,3,4
130522.62,112.31,4,2,53,2.6,0,38225.39,27.85,4,0
146398.45,132.5,2,3,22,15.38,1,58591.22,47.18,4,0
115205.95,171.73,4,1,31,7.29,2,62204.49,31.85,7,4
181043.8,101.86,3,3,39,6.13,3,79168.82,15.4,2,2
180580.9,91.7,4,2,12,14.84,1,60291.87,31.0,4,2
50000.0,102.44,2,2,58,6.02,3,41870.92,35.17,3,0
111661.15,152.04,2,3,19,16.37,3,74818.65,28.67,5,1
159948.43,131.51,1,2,34,10.01,3,56586.88,25.89,5,4
99851.5,101.46,5,3,4,20.01,0,21821.26,47.64,7,3
168151.25,137.96,4,2,8,6.95,0,64874.77,18.14,4,2
153059.08,123.4,1,1,28,4.54,3,67511.57,5.0,3,1
50000.0,153.9,5,1,5,16.13,2,47355.93,46.19,3,2
150135.03,95.43,4,2,24,3.2,1,57119.31,17.74,0,1
228999.91,108.53,3,3,30,6.67,2,69865.76,27.13,2,4
95541.25,106.28,4,1,21,10.2,0,64976.77,26.23,6,4
50000.0,68.78,2,3,1,8.95,1,36560.15,42.32,1,4
104073.93,130.36,2,2,44,14.4,3,78803.25,44.35,6,0
338161.94,129.14,3,3,4,15.43,2,85594.96,17.08,7,1
92857.01,120.18,1,1,59,8.29,2,52347.24,43.57,0,3
125993.55,111.79,5,3,26,5.23,3,31351.93,43.38,1,3
151891.61,70.46,4,3,24,4.6,2,71566.69,30.19,6,4
166344.05,105.28,2,2,7,4.19,0,49903.61,39.33,3,3
50000.0,108.0,1,2,54,7.07,3,68031.73,40.33,5,2
181632.6,91.92,3,2,0,3.84,2,93032.56,27.48,0,1
63814.83,114.36,2,1,19,5.06,3,36805.39,28.42,6,1
143091.39,134.14,3,1,43,9.9,1,48050.69,35.89,7,1
213123.95,186.02,4,2,22,9.15,3,57082.81,13.71,4,2
177804.34,126.11,5,2,31,10.26,2,79375.18,26.46,7,0
151553.52,129.01,2,1,10,12.49,0,113334.26,18.0,7,2
133180.29,117.39,2,1,38,6.14,3,63706.28,44.24,7,1
50000.0,52.84,4,1,46,13.57,3,35516.66,26.34,4,1
168345.92,119.07,1,1,53,5.94,2,54817.18,32.76,1,1
207757.97,122.11,5,2,23,10.19,0,48377.05,27.82,3,3
131728.23,206.21,2,1,10,4.11,0,70823.78,27.17,5,0
125920.21,113.27,5,2,28,13.52,1,65653.27,32.11,1,2
117515.91,130.55,2,3,53,22.83,1,44372.8,22.69,6,1
158396.91,118.79,5,3,25,6.68,2,47497.72,28.02,6,4
151004.11,79.1,3,1,15,3.9,0,54599.14,27.94,5,0
217306.88,160.0,2,3,34,10.01,0,56409.63,25.77,6,4
156425.33,146.32,5,3,19,9.64,1,59367.17,33.91,2,0
178107.92,147.69,1,3,45,8.7,1,60733.1,25.53,5,1
50000.0,88.17,3,1,2,6.32,2,78522.76,46.11,4,0
238070.77,169.1,3,1,0,2.43,0,54056.83,36.29,6,0
130251.82,70.94,1,3,57,7.35,3,51846.5,16.51,6,1
55747.88,140.54,5,2,52,10.08,1,39918.39,35.51,0,4
222214.41,196.67,4,3,46,5.46,2,56642.11,23.11,0,4
50000.0,85.33,1,1,0,13.93,0,63842.94,31.36,0,3
109336.58,100.18,5,1,16,0.87,0,34138.55,22.69,5,4
212723.63,123.49,1,1,1,8.71,1,54863.57,8.06,4,4
118036.56,102.38,1,3,28,6.92,2,77404.41,29.78,5,0
145664.58,65.73,2,2,19,3.1,3,69724.59,15.66,7,3
149630.72,122.4,5,1,5,7.25,1,65601.5,34.2,3,1
123916.45,82.82,4,1,7,4.37,2,69318.18,31.75,4,1
177952.84,136.58,2,3,28,11.75,0,51394.44,23.96,4,2
50000.0,87.82,1,2,47,9.03,3,49396.2,48.26,7,3
201876.02,174.25,1,3,50,4.81,2,79078.63,17.61,5,0
55774.28,92.59,1,1,32,3.83,3,72429.59,23.76,5,2
210294.05,108.73,5,2,2,4.01,2,48805.9,18.79,0,2
94061.53,148.47,5,2,59,2.21,2,31819.14,50.41,4,1
50000.0,76.92,2,1,34,13.85,2,49117.27,43.52,0,4
161158.95,127.96,4,2,4,10.09,2,68153.01,15.78,3,0
172352.89,165.75,2,2,26,3.21,3,50126.1,21.74,2,3
50000.0,63.74,3,3,43,13.09,1,64951.02,22.08,0,2
164581.73,126.46,1,1,11,6.28,3,81296.56,24.49,5,0
167148.17,129.1,1,1,19,5.63,2,58604.59,19.57,6,1
57376.23,147.36,1,1,44,4.83,3,63509.4,23.94,1,2
55221.64,76.71,2,1,19,4.13,3,70273.56,40.05,2,2
50526.9,73.78,2,1,8,9.14,3,43768.74,49.47,3,1
91265.7,138.27,1,2,38,14.37,2,48404.26,14.56,6,1
165820.33,130.39,2,3,3,14.72,3,70892.42,19.59,5,1
182448.99,128.77,5,1,50,5.4,0,60554.51,32.14,2,0
140917.43,132.13,5,3,53,2.59,2,61826.38,14.2,7,0
50000.0,96.2,2,3,18,10.93,3,60499.29,32.39,5,0
62493.93,128.13,1,2,37,8.19,0,74674.41,35.4,0,4
88469.42,130.26,2,1,26,17.34,3,66535.69,37.01,6,2
50000.0,95.0,2,2,44,15.13,1,66732.3,35.12,5,0
205328.69,185.3,2,1,42,8.23,3,78332.97,24.65,6,4
98932.87,136.58,3,2,12,20.33,3,84098.61,28.18,3,2
94601.5,78.3,5,3,12,9.55,1,93653.88,18.2,1,0
59496.63,142.98,4,1,59,6.95,2,51314.79,34.64,0,1
66551.12,85.89,4,3,56,1.9,1,97041.11,46.03,0,3
269907.98,147.55,3,3,21,4.19,2,43548.41,34.62,6,0
257716.81,160.55,2,2,27,7.16,1,89028.71,23.05,3,3
50000.0,91.28,3,1,51,6.56,3,50490.6,39.95,3,0
50000.0,153.72,3,3,46,10.24,3,58965.9,53.66,2,1
94943.83,134.45,1,2,52,5.62,2,60278.64,32.43,1,3
227665.15,148.77,5,1,44,13.48,2,46995.44,35.54,5,4
182702.68,186.39,4,1,21,10.37,0,61300.78,36.78,2,1
109560.87,111.41,2,3,42,13.94,0,47769.93,13.96,5,3
104539.85,93.62,4,1,18,8.56,3,41475.85,25.89,5,3
198517.77,88.87,4,3,7,15.0,3,59419.15,24.86,5,1
87383.9,91.45,5,1,51,6.02,0,83848.15,38.35,2,1
204943.8,117.3,4,2,7,6.25,0,56189.7,37.18,0,1
76802.46,131.94,4,3,41,7.3,2,74115.31,28.79,3,2
144160.49,129.68,3,3,25,16.51,1,47315.01,24.26,0,4
122577.14,148.95,5,1,47,4.15,2,40747.86,13.13,1,0
88500.9,120.46,1,1,50,8.56,0,66807.9,29.85,2,3
224372.47,170.87,2,3,25,10.0,3,86334.19,20.45,7,0
147328.02,110.74,4,1,22,6.4,0,63134.32,19.21,1,1
253198.98,215.21,2,2,42,3.24,3,72399.71,39.26,3,4
208841.09,141.9,1,1,12,10.8,3,82426.87,38.22,3,4
225945.13,90.0,2,2,27,2.14,3,59452.04,25.11,4,2
93417.09,82.52,1,2,8,16.94,3,57719.05,14.31,1,1
147659.69,136.89,3,2,19,9.71,1,67081.33,21.74,7,3
50000.0,112.18,4,2,55,13.24,0,69750.29,39.93,0,2
146169.4,144.99,1,2,18,8.1,2,39015.37,34.68,6,1
161498.81,136.56,2,1,47,13.77,3,64435.88,25.28,7,2
50000.0,117.45,4,2,38,8.59,3,59989.78,30.59,1,0
142795.38,90.36,3,1,50,9.7,2,48157.22,9.25,2,1
144751.37,66.98,4,2,11,7.4,2,58952.84,8.49,3,3
50000.0,104.37,1,3,14,15.69,3,42520.13,49.77,3,3
71950.84,149.97,3,2,30,9.77,2,37336.08,35.07,1,1
89804.75,127.49,2,3,54,4.6,2,61002.72,30.02,7,2
50000.0,76.4,3,2,13,16.47,1,73531.16,26.03,1,4
172968.71,126.06,3,2,10,20.67,2,54790.64,12.38,5,1
168709.97,133.49,5,2,25,6.89,0,45589.06,39.93,1,3
166192.63,89.06,3,3,41,14.97,0,47920.52,18.63,5,0
117771.23,125.38,3,3,26,5.44,0,68234.17,37.04,7,3
189787.24,122.04,4,2,10,12.01,3,85010.78,31.32,2,4
50000.0,80.0,2,1,37,20.62,0,71556.84,29.48,2,3
134432.85,132.52,4,2,33,21.65,1,79511.88,16.98,0,4
60196.23,139.63,4,3,42,9.84,0,44285.64,17.11,1,1
105455.22,157.91,1,2,18,10.4,3,58891.05,33.9,7,3
260178.42,156.88,4,3,5,6.58,1,75280.36,30.79,7,2
50000.0,71.78,5,3,45,5.72,0,39012.34,30.47,0,2
146301.5,87.18,5,3,51,6.63,1,50124.4,32.86,6,3
139491.03,138.03,1,2,37,4.54,1,74130.29,10.63,7,3
50000.0,137.98,2,3,48,10.04,3,63876.39,40.15,4,0
50000.0,138.03,2,3,41,7.7,3,45523.34,26.44,2,3
275125.45,254.85,4,2,27,7.16,1,35537.68,41.7,3,0
103560.79,139.98,4,3,0,15.93,0,80059.73,9.92,5,0
146851.08,159.74,4,2,34,4.04,3,29199.23,35.69,4,0
153174.9,153.39,2,3,39,5.57,1,69485.93,35.6,3,0
109905.95,142.8,3,1,7,6.15,2,52004.33,15.14,4,1
63388.92,108.97,5,1,58,15.57,2,75706.02,23.61,0,2
159244.25,146.56,3,3,51,8.22,3,44367.78,19.4,0,0
78973.48,92.95,3,1,53,12.98,0,99221.98,38.63,5,2
55256.35,111.71,2,2,46,9.87,2,66034.48,33.09,2,0
80108.18,103.01,3,1,55,9.11,2,68506.04,45.99,6,2
138867.43,122.87,1,3,6,11.16,2,48404.29,32.03,7,3
161778.96,201.01,4,3,10,10.93,0,57999.29,37.32,5,3
99723.67,54.65,1,2,38,2.51,0,58388.26,41.72,6,2
202418.69,144.02,5,3,3,14.73,3,86941.02,35.54,3,0
50000.0,63.55,4,2,24,24.2,3,66008.65,26.16,7,1
167782.19,103.48,3,1,11,5.85,2,68157.45,24.3,4,2
134134.58,158.11,5,1,25,13.43,0,67989.73,29.2,5,4
117182.99,122.25,4,2,37,5.62,1,69429.16,37.97,6,1
93176.39,82.28,3,2,45,4.82,2,39158.2,22.34,1,4
80093.95,94.96,1,3,11,10.2,3,90739.02,36.52,1,2
191151.6,143.79,4,1,42,5.4,0,46837.67,33.23,2,0
58277.05,94.44,3,2,50,8.42,3,59423.93,17.47,6,4
76741.56,127.58,1,1,52,18.63,3,82972.24,36.04,5,2
140596.47,121.6,5,2,36,15.45,0,89019.38,31.42,3,1
97164.72,97.19,5,1,45,11.27,2,72089.31,24.49,1,0
179258.93,195.04,5,3,52,6.39,0,52429.58,31.27,2,4
140881.61,142.19,5,1,23,14.26,2,61916.02,24.88,5,2
50000.0,49.12,2,1,15,9.73,3,62504.51,32.48,2,0
50000.0,126.53,4,1,56,7.97,0,63035.86,28.32,3,0
169278.68,96.84,4,1,12,13.68,1,41549.2,14.7,1,3
123262.3,149.84,2,1,24,11.13,2,78901.64,28.62,7,0
194796.03,92.26,3,3,53,8.91,1,62018.83,25.57,1,2
103575.83,115.98,3,2,53,10.37,2,49166.72,36.36,1,1
50000.0,137.67,5,1,56,2.63,0,52524.1,38.8,6,3
162640.93,150.3,1,3,51,7.57,1,64047.75,24.91,0,2
50948.75,77.99,3,1,53,9.32,0,38956.4,22.11,6,2
72441.32,108.29,1,1,3,5.84,2,73176.53,13.2,1,2
245217.51,103.38,4,2,10,3.61,2,63520.95,21.86,4,4
71594.8,97.13,1,1,31,8.14,2,83485.34,26.77,0,4
199893.95,181.79,4,3,48,2.83,2,61163.76,16.61,7,1
188324.9,134.17,2,3,6,1.48,3,43720.98,38.93,5,2
142914.87,75.87,2,2,45,3.08,2,42032.95,32.62,6,4
140746.38,152.13,5,1,57,4.65,1,54139.42,28.8,0,4
225822.82,194.28,3,3,10,3.75,2,55726.43,29.83,0,4
107826.68,156.14,5,1,27,10.7,0,51491.07,33.06,6,1
129860.55,66.82,4,1,53,5.34,3,61927.21,36.33,6,1
89871.56,103.05,5,1,40,5.7,1,51110.34,38.09,0,2
136357.23,164.34,1,2,22,14.99,3,63813.09,26.91,2,3
50000.0,95.23,4,1,44,27.55,3,52190.27,28.58,7,2
191600.06,135.53,2,3,22,20.58,3,69475.56,31.73,4,4
116864.99,147.11,3,1,49,2.02,0,55348.52,28.17,3,4
135909.25,87.56,4,3,27,20.38,3,78693.1,38.72,1,0
96055.87,117.92,4,1,42,8.74,3,69784.42,42.27,7,2
98328.79,40.0,1,3,46,5.99,2,62903.78,33.44,6,4
64083.97,84.15,3,3,56,19.98,0,56884.84,20.92,0,4
50000.0,111.16,2,1,25,10.16,1,37214.85,35.08,3,3
95342.74,76.33,4,1,24,7.09,1,81203.24,33.84,6,0
64161.13,177.13,4,3,53,7.63,1,49788.34,20.08,2,2
50000.0,69.95,1,2,28,5.25,0,61360.98,33.83,3,1
60470.07,104.6,5,1,18,3.35,1,65157.06,24.56,0,2
208343.3,124.58,2,2,32,7.22,0,57247.33,37.46,7,2
80883.92,170.44,3,1,35,11.34,2,80319.02,35.0,5,3
233000.07,69.74,4,1,13,6.62,2,41679.44,32.23,7,2
218616.59,160.71,4,1,13,8.0,0,86009.02,30.39,7,3
121469.82,120.36,2,1,34,5.53,1,70073.36,8.67,4,3
178830.7,85.65,5,2,29,5.36,0,56303.69,17.86,3,4
89988.24,136.17,4,1,27,12.31,0,56471.55,28.69,6,1
50000.0,126.97,2,3,16,7.99,3,26747.68,45.19,0,3
86221.43,98.99,1,3,2,14.81,0,47276.51,35.65,6,0
158310.23,122.44,5,2,15,6.7,3,54691.44,48.14,0,0
146300.96,106.51,3,1,45,7.07,2,62641.57,30.83,1,1
171357.95,123.97,4,3,29,22.96,3,78893.72,29.69,5,3
58242.62,143.17,2,2,51,9.56,0,90563.18,44.25,1,1
249160.06,175.51,1,1,28,3.88,2,64084.01,28.41,7,4
174185.56,76.68,3,3,44,7.14,3,63084.14,20.14,5,0
182569.93,194.66,2,3,14,13.94,0,52644.72,33.17,4,2
74984.55,51.68,2,2,45,2.65,2,34273.5,41.23,1,0
201925.19,114.69,3,1,55,15.2,3,50913.2,21.74,4,3
76145.96,140.59,1,1,24,6.15,0,56917.48,35.89,6,1
62092.09,129.83,1,3,50,9.39,0,74630.92,29.07,7,0
97313.92,98.21,5,3,37,6.89,1,67792.72,34.51,2,2
64755.25,112.72,4,3,41,3.33,1,63323.18,33.14,2,2
99717.3,102.74,3,1,58,14.73,3,51288.0,25.86,5,1
50000.0,99.37,3,2,46,5.94,3,30268.25,28.94,5,1
186407.01,149.74,3,2,52,2.93,3,31173.66,26.47,1,0
50000.0,132.5,1,1,53,9.41,0,35043.95,31.19,2,3
199822.6,95.75,4,2,51,5.35,3,55619.9,21.54,3,4
50775.0,151.49,5,3,57,2.33,0,74910.67,23.93,3,2
125038.95,130.76,2,2,37,9.37,3,74505.98,25.86,6,1
91560.55,148.45,2,2,22,3.01,0,71905.74,33.92,3,4
234706.55,142.04,3,2,24,10.24,0,52273.57,15.84,6,4
192086.64,90.99,4,3,41,15.46,1,77163.95,28.93,2,4
50000.0,100.39,1,1,6,9.8,2,46033.94,22.92,3,3
228024.39,146.16,4,3,21,5.06,0,72800.9,25.89,4,1
213450.7,141.36,4,1,16,2.6,3,34881.36,23.4,0,2
89272.84,119.27,1,1,17,14.25,1,42343.32,31.95,5,1
153997.29,124.11,3,1,48,10.89,3,84789.23,28.43,7,0
181443.91,164.72,4,2,40,6.45,3,56942.48,37.12,1,2
144914.44,99.3,2,2,9,7.3,0,49785.45,34.02,6,1
91846.28,139.15,1,1,9,10.29,0,76541.38,14.63,4,2
190375.95,112.92,5,1,56,4.98,2,78260.57,20.4,3,0
135440.92,112.38,3,2,6,14.69,0,53500.79,28.27,7,2
154801.5,158.46,1,3,47,7.91,0,64176.95,29.57,7,4
188647.83,148.89,5,1,49,3.8,2,62053.61,21.28,0,3
57118.82,148.47,5,3,37,9.1,3,20000.0,43.04,1,0
50000.0,165.69,4,2,26,21.66,2,39062.1,38.65,4,2
124822.49,120.74,4,1,51,5.39,2,74133.82,13.55,1,0
253514.86,143.87,4,3,32,6.91,2,47510.94,33.45,6,4
91201.87,109.14,1,3,0,8.32,1,67947.57,29.54,6,3
87113.53,131.35,1,3,43,18.89,3,63945.61,42.44,5,0
80630.74,115.44,3,2,52,16.23,1,78231.49,14.3,2,4
50000.0,123.39,4,2,59,14.75,1,39543.13,50.6,6,4
198129.67,140.83,5,3,33,12.63,0,65913.09,21.57,3,4
181069.34,91.36,2,3,3,6.21,2,59018.78,33.79,7,2
172010.04,193.23,3,2,16,3.31,2,48153.38,23.94,4,1
170067.1,84.79,1,3,3,8.36,1,48048.05,26.24,4,0
124632.46,77.5,3,3,42,3.83,0,63412.21,13.11,0,1
124610.94,160.53,3,2,53,7.7,0,69445.05,41.97,7,4
152524.45,147.71,3,3,25,10.65,0,60953.94,27.3,0,1
277886.65,141.84,3,3,3,13.83,3,61420.71,27.98,0,4
171288.83,141.99,2,3,0,14.92,1,52522.58,53.12,7,4
95402.64,119.57,4,2,6,13.86,3,53517.21,39.59,1,3
138390.93,88.6,5,3,29,3.74,0,48112.94,23.32,3,3
105413.17,122.65,3,2,49,5.06,0,52220.98,23.9,1,1
137560.72,96.3,3,2,8,9.0,0,68920.13,32.6,3,0
130382.42,154.13,3,1,34,13.84,2,70596.08,37.71,4,1
207723.26,114.85,4,1,7,2.34,1,40861.87,47.52,6,0
110763.3,91.11,1,3,23,9.06,2,46553.45,13.92,6,1
50000.0,108.75,1,2,18,5.58,3,49344.03,37.27,1,2
93380.28,134.45,2,1,35,11.61,2,59039.45,38.88,1,2
50000.0,100.27,1,3,49,7.98,1,34752.71,22.1,1,0
50000.0,91.22,3,1,51,5.89,2,46816.39,26.4,2,3
58768.61,128.53,3,1,58,7.67,0,39216.28,13.7,5,0
124099.67,128.57,3,2,42,11.66,3,66007.23,24.99,7,1
166446.2,102.26,2,2,26,11.88,3,59554.88,32.32,3,4
50000.0,103.51,3,1,31,7.89,0,53061.79,45.94,6,2
101719.72,128.12,1,1,13,5.28,0,44050.84,46.86,3,4
165694.28,69.32,4,2,56,11.72,0,53293.55,19.71,1,2
79079.96,70.74,4,3,17,4.81,1,51529.62,44.58,2,1
172139.0,94.85,5,2,27,1.87,2,84520.0,10.51,1,2
101453.6,112.53,1,1,59,13.48,3,74955.3,24.15,3,0
204673.52,130.88,3,3,28,2.3,2,49639.38,26.98,5,4
257760.15,171.64,4,1,15,6.66,0,62477.93,32.52,6,4
139194.86,150.02,1,3,34,3.11,0,74163.13,31.07,5,1
145596.35,114.4,4,1,46,10.97,2,49634.79,33.66,7,4
144503.8,119.33,3,3,58,8.46,3,38743.34,28.17,4,1
55457.27,84.91,4,3,58,2.97,1,33047.12,39.6,2,3
134167.54,119.35,5,1,30,5.68,2,79084.0,36.92,5,0
144895.6,109.9,5,3,3,14.15,0,57134.06,27.1,2,2
58005.48,131.3,4,2,36,4.09,0,64369.88,38.42,1,2
50000.0,91.05,1,1,16,8.16,1,51386.44,50.68,4,2
182616.2,138.18,1,2,38,12.09,2,40981.52,23.27,3,3
124421.09,173.65,1,1,47,10.69,1,43780.49,46.75,5,0
116400.1,116.19,4,3,45,5.3,1,39884.48,24.17,5,4
131918.59,134.06,1,3,25,5.81,3,72749.92,44.1,0,4
229771.39,144.16,3,3,47,4.98,3,82388.42,24.54,6,0
112388.59,105.96,5,1,38,5.08,0,60558.66,37.66,3,0
149776.33,127.84,3,2,40,10.26,2,37233.01,31.8,5,2
231475.42,120.44,1,2,3,0.65,3,67448.76,12.15,5,4
99869.3,123.42,3,1,29,3.88,0,78974.77,49.16,3,0
106909.71,92.94,1,1,29,5.69,2,74575.0,21.05,4,4
89219.06,120.86,4,2,21,3.84,0,59563.03,17.3,2,0
193831.94,137.43,3,2,10,12.08,3,56482.77,23.61,3,1
146484.16,170.79,4,2,1,4.34,0,59442.51,55.31,2,2
102314.44,153.57,4,2,43,4.91,2,78378.74,17.46,4,0
174371.05,195.36,2,1,11,5.36,2,71405.48,31.78,4,3
140618.04,93.14,1,1,29,0.51,0,54213.65,18.77,7,0
91697.02,150.53,5,3,35,4.4,2,53836.27,20.48,1,1
70464.48,126.42,1,2,17,8.82,0,52774.57,14.01,0,3
231173.42,196.64,5,3,25,5.88,2,44030.51,33.15,4,3
85654.02,91.71,1,1,52,25.31,0,80277.57,28.39,7,0
191266.51,90.61,4,1,6,3.08,0,48182.64,18.69,7,1
231214.17,99.02,3,3,0,3.76,0,67354.14,38.73,7,3
50000.0,45.66,3,2,57,6.24,1,50078.59,39.79,4,2
98088.63,101.6,2,2,25,1.93,2,52841.64,34.07,2,2
178507.4,93.43,5,2,22,7.21,3,58291.79,41.71,4,4
113974.42,125.26,5,2,25,8.96,0,68178.64,26.51,3,4
83745.98,131.96,5,3,44,7.27,1,56111.64,33.22,1,1
174051.83,185.67,4,3,5,4.86,3,42911.92,26.55,1,3
246615.98,153.26,5,1,5,8.49,0,60286.22,14.93,3,2
63518.23,99.81,3,2,43,7.28,3,48499.92,32.19,5,2
192179.39,88.56,4,2,7,5.76,1,83157.57,31.59,4,1
157236.17,137.22,1,2,23,7.15,3,56100.83,29.7,6,3
135965.45,73.79,5,3,21,11.65,0,49980.46,33.74,0,1
170007.39,184.1,5,2,18,5.16,3,89622.01,44.12,7,0
138421.56,161.28,1,3,36,7.06,3,71083.35,27.96,4,2
157940.59,103.58,5,2,17,4.64,0,46548.39,20.43,1,1
50000.0,60.04,1,2,30,10.92,1,48136.29,27.52,0,1
50000.0,167.39,4,1,36,9.43,1,67112.74,28.63,6,0
50000.0,115.99,3,2,29,15.92,3,60652.14,39.84,5,4
53232.66,163.32,1,2,56,13.11,2,73352.63,31.07,2,2
50000.0,64.2,2,1,41,7.2,3,50059.86,18.52,2,1
155302.33,99.02,1,3,32,1.77,2,70516.64,38.05,6,2
185075.03,120.18,5,3,9,8.0,3,26425.67,36.45,4,4
102719.77,121.64,4,2,36,19.12,1,57683.37,31.07,4,1
207863.86,104.25,4,3,11,13.72,3,50742.31,39.48,0,0
133894.58,141.8,1,2,53,9.91,3,53174.3,41.16,0,2
139074.05,82.63,3,1,29,4.1,2,58456.88,26.23,5,0
50000.0,115.02,2,1,26,12.84,1,77077.55,21.0,4,4
131908.18,124.21,4,2,38,6.61,2,42689.4,29.88,1,4
159387.22,138.01,5,1,8,8.4,3,27179.35,35.37,2,2
124122.2,144.91,5,1,53,1.63,0,44429.2,28.95,5,4
246858.07,80.64,3,2,20,5.2,3,75336.54,20.12,7,3
84956.19,66.31,4,2,11,11.4,3,35325.13,31.63,0,2
100980.86,164.72,1,1,54,4.45,2,51420.79,9.66,7,3
119213.93,131.63,5,3,28,8.78,0,72593.66,26.76,1,4
200012.0,93.8,3,3,32,10.82,0,59123.57,38.51,4,2
141377.54,174.29,4,2,42,11.53,2,76930.6,39.05,3,3
50000.0,124.05,4,2,52,4.82,1,29476.57,5.0,0,4
159572.34,161.28,4,3,14,6.35,0,55175.86,28.07,5,1
50000.0,122.36,4,1,1,11.28,0,80057.66,35.99,3,1
231088.99,192.13,4,3,51,5.83,2,43096.78,18.24,1,0
131512.49,181.44,5,3,38,3.83,1,75522.15,26.28,7,1
50000.0,111.29,3,3,52,20.8,1,56464.64,42.08,6,3
151387.22,154.0,4,3,43,17.59,3,66511.94,25.16,2,1
182223.47,142.59,2,2,53,5.21,3,78969.85,45.99,6,2
188789.17,167.9,2,2,17,8.3,2,66447.54,22.59,6,2
50000.0,86.23,3,1,2,9.34,1,51131.26,44.1,6,2
131311.34,144.01,1,1,6,10.87,2,68430.94,30.34,1,1
101663.44,157.04,1,1,42,6.2,3,50073.0,21.22,2,1
87303.43,58.44,1,1,17,5.02,2,64100.5,44.13,1,0
142348.74,78.59,2,3,43,12.56,2,41222.36,17.94,6,4
50000.0,48.63,1,2,37,17.55,0,60436.42,22.04,0,0
168219.11,110.57,5,2,36,11.87,0,77839.4,34.9,6,3
112153.69,145.11,4,1,57,5.72,0,55518.45,30.81,0,2
227020.56,172.58,2,1,32,8.93,3,76405.36,32.74,5,1
211636.72,122.59,3,3,43,11.19,2,106401.44,26.32,6,4
212184.51,177.0,3,3,58,3.12,0,59565.79,18.01,3,4
145091.49,71.7,4,1,30,7.19,0,69212.88,23.48,1,1
50000.0,60.38,2,2,57,15.19,0,67152.94,43.2,6,0
117627.05,118.06,1,2,10,7.5,3,63376.55,16.63,1,4
150417.43,133.44,1,2,3,6.64,3,71818.44,46.44,7,0
100061.51,118.86,5,1,58,4.23,2,56278.57,33.16,6,1
104427.2,47.64,5,2,17,16.43,2,50061.84,24.03,3,0
184102.09,116.88,1,3,3,2.84,2,37105.16,9.98,6,2
110596.78,74.34,3,3,48,10.52,0,54858.62,11.29,4,1
80542.36,143.44,3,1,33,7.9,1,73521.51,26.44,5,1
225409.71,132.83,5,3,28,8.11,3,45903.04,25.23,7,4
50000.0,87.1,4,1,23,4.2,0,63700.17,31.18,1,4
129122.94,102.01,1,2,21,8.91,0,58153.35,47.19,7,4
198811.37,82.93,5,2,1,2.66,2,50689.23,35.38,5,2
124416.56,117.81,5,2,43,10.11,2,32204.4,28.71,1,2
146547.67,153.43,1,3,5,14.09,0,80442.82,42.17,1,3
57605.67,85.5,1,1,41,7.04,3,67757.86,31.51,4,1
134325.59,137.64,3,2,24,11.61,3,99979.32,46.0,6,4
88370.92,101.44,4,1,54,4.29,0,76191.2,23.28,0,1
207509.64,92.25,4,2,56,9.52,1,80108.16,18.52,5,0
144909.68,116.25,1,3,20,7.73,1,33759.69,10.0,3,2
50000.0,83.77,2,3,54,12.52,3,33497.47,28.95,5,3
50000.0,100.62,5,1,58,9.36,2,60634.68,17.65,6,0
67162.43,78.07,5,3,15,8.32,1,42778.27,17.51,4,1
134439.53,188.77,1,3,30,3.62,1,49780.7,40.34,2,2
237865.19,121.23,2,1,13,15.51,2,97893.96,12.78,7,4
50000.0,95.51,3,2,38,14.71,1,77848.14,31.04,2,0
187614.02,127.49,1,3,27,5.6,0,45965.17,29.17,4,2
71812.68,116.07,1,1,31,11.38,1,24508.19,30.92,7,1
152699.02,112.27,5,3,27,9.42,2,44700.94,43.84,6,1
141357.64,141.5,1,3,50,3.2,0,51642.08,21.74,4,0
105694.94,146.51,1,3,54,5.11,1,55181.04,43.85,0,0
101279.44,101.43,1,3,48,2.6,3,40814.31,12.4,5,0
50000.0,99.85,5,1,8,2.22,0,76947.76,36.51,6,3
50000.0,110.37,3,1,57,8.09,0,49328.09,44.76,7,4
50308.45,40.0,3,1,44,8.61,3,69728.67,5.0,5,2
106767.59,66.97,1,3,21,5.58,3,60808.31,29.65,2,1
213359.23,167.84,5,3,31,9.47,1,74077.16,28.83,6,1
186838.45,177.57,3,3,4,10.91,1,56431.2,30.72,3,4
163068.63,111.28,3,1,22,9.77,2,46125.2,47.12,5,0
142366.42,140.18,3,3,4,5.88,2,51021.19,22.36,1,0
50000.0,130.89,5,2,41,8.76,0,51232.72,18.15,7,1
237335.85,227.76,5,3,52,16.38,3,90968.26,30.79,1,4
181102.81,159.19,1,2,31,4.85,3,61147.58,41.24,0,1
129256.53,115.52,4,3,58,8.99,2,60069.49,35.59,7,0
107465.47,86.56,3,1,9,2.51,0,73230.4,30.34,6,2
77944.31,63.77,4,3,58,11.13,0,59998.95,27.71,7,0
259105.02,127.12,5,2,38,11.41,2,76825.14,9.93,0,2
62428.23,93.53,5,2,57,8.88,2,54418.83,35.86,7,3
139492.83,70.22,5,3,14,8.31,2,52895.4,37.05,6,4
153144.88,97.37,4,2,6,14.76,1,45295.9,23.08,2,3
141314.59,82.15,5,2,28,4.41,0,87750.71,25.35,3,0
125469.84,179.05,1,1,58,3.91,0,58952.63,19.52,3,4
103945.46,150.86,5,3,46,8.57,0,42389.36,38.68,4,0
143679.76,119.72,2,3,2,8.92,2,62952.41,26.34,0,4
238385.95,171.8,4,3,18,10.34,2,50249.19,28.51,6,4
145929.74,122.71,2,2,9,8.55,2,54155.98,36.29,5,0
227879.93,89.86,5,3,27,6.73,2,64661.3,33.27,1,0
120756.34,173.31,1,3,28,5.84,3,82814.78,35.63,5,4
238389.97,138.86,3,1,14,5.91,2,61523.78,31.75,1,4
50000.0,83.7,5,1,34,15.7,1,49334.45,31.97,2,0
96415.54,113.34,1,1,5,6.15,3,52426.28,31.88,1,0
196488.41,89.35,4,2,11,2.06,3,69846.71,34.53,5,1
100071.56,71.6,2,3,46,9.31,2,30624.89,35.02,7,1
163623.1,152.42,2,1,37,14.73,0,44359.77,17.75,5,1
275982.32,186.83,2,1,12,1.32,2,63189.69,24.03,3,3
83920.11,71.05,4,1,28,6.17,0,34399.96,27.97,6,4
184619.02,139.7,1,3,18,16.49,2,55312.23,34.52,3,2
85735.63,97.23,4,3,2,10.01,2,52826.02,45.97,0,3
155344.06,102.95,2,3,7,6.02,0,73161.73,21.87,7,4
121986.92,99.27,5,2,7,7.24,0,56245.77,38.79,5,2
68426.09,89.76,3,2,54,8.67,0,77800.37,24.31,7,1
82423.15,121.7,4,1,57,9.31,0,61183.1,43.71,7,2
153930.29,90.92,4,3,19,11.53,1,86646.77,49.12,6,0
112339.84,129.47,1,1,46,6.45,0,39187.67,12.52,2,0
130165.98,118.24,1,3,3,9.21,2,84256.9,26.74,1,4
128501.9,111.64,4,3,50,2.83,2,53833.09,6.5,0,3
103957.78,88.24,2,3,20,6.79,1,82109.25,13.1,4,1
190217.74,99.81,3,2,2,5.94,0,77778.52,13.72,7,4
50000.0,146.44,1,2,44,6.92,2,20000.0,36.24,4,1
123376.33,137.53,2,3,7,3.43,1,67187.52,34.37,6,0
96209.07,85.79,5,1,22,4.26,2,74964.3,38.01,1,3
167798.84,123.48,1,3,15,13.64,1,79928.89,36.08,1,3
146083.37,146.3,2,3,12,4.27,1,42350.44,34.85,6,0
138676.33,61.57,2,1,2,7.68,3,68855.14,31.12,1,2
177922.92,139.02,3,3,47,2.44,3,62926.11,28.69,3,3
71042.86,96.81,3,1,8,3.83,0,66471.13,40.2,1,2
84949.58,139.97,5,2,59,26.23,3,74984.05,30.12,4,1
50000.0,93.29,2,2,13,10.47,1,77350.65,35.25,1,3
223420.64,56.83,2,1,12,5.98,2,50163.86,6.7,5,0
157916.42,63.04,3,2,52,4.1,2,63981.29,18.25,6,2
88568.39,121.68,1,2,56,4.29,0,60617.03,39.8,2,1
50000.0,129.09,1,1,6,18.45,3,56409.71,23.32,4,1
102990.1,88.35,4,2,14,11.06,0,57843.37,16.05,2,3
142108.41,142.35,3,3,6,0.5,1,62939.81,36.41,4,3
132372.76,61.85,4,3,37,6.1,3,50970.28,30.01,7,4
76014.41,117.69,3,1,33,2.85,0,73245.55,25.93,0,4
69672.34,77.61,5,2,40,8.68,2,79039.62,45.09,5,3
57942.15,97.19,2,3,21,8.56,2,47691.35,43.37,4,4
159530.26,121.66,5,3,23,8.52,0,79774.95,28.12,7,0
53799.01,89.89,3,2,48,9.11,0,47719.6,37.22,5,0
140334.86,106.54,2,2,36,4.2,0,73466.8,7.61,4,4
204421.08,155.22,1,3,43,7.06,1,79747.18,40.93,2,3
163638.39,99.81,1,3,0,9.28,1,58582.34,19.13,2,0
126682.19,149.25,4,1,9,16.98,2,47842.53,15.48,6,1
97452.66,80.46,3,1,42,13.75,1,51169.76,12.15,4,3
115618.15,138.54,3,3,15,25.95,1,65427.85,11.37,4,2
106884.84,170.45,1,1,45,9.68,3,89469.82,40.8,3,2
125265.11,40.0,5,3,7,5.88,1,34609.01,36.31,5,3
146304.96,92.11,2,3,55,10.82,3,61503.63,22.34,5,4
93212.08,140.2,5,1,48,4.1,1,58678.92,38.55,5,0
50000.0,112.89,5,1,24,22.54,2,53152.17,24.05,5,0
78850.34,132.99,1,2,49,8.3,0,58788.27,33.24,0,3
105015.15,98.86,1,2,11,12.7,2,51867.05,25.18,0,1
112551.6,123.03,1,2,24,7.94,1,78647.33,28.8,7,4
211561.15,114.55,4,3,16,2.89,0,80137.41,20.92,1,1
183037.06,160.87,5,1,59,6.89,0,61322.03,22.4,4,3
107340.17,128.9,3,3,25,6.28,0,57882.82,35.44,4,3
164220.88,131.82,2,1,45,1.89,3,52604.45,37.05,4,1
206383.04,105.58,4,3,47,1.94,2,61354.22,25.86,4,2
279297.17,102.93,3,2,13,12.5,3,87717.47,14.74,5,3
185873.29,104.86,5,2,40,4.04,0,58443.99,54.71,5,4
50000.0,133.81,1,2,35,7.99,2,47408.51,30.37,0,1
161398.4,105.27,5,3,56,6.96,2,54033.57,33.12,2,2
183242.92,130.14,2,1,22,6.3,1,71302.05,17.39,3,1
144036.0,192.64,4,1,42,8.27,3,49233.95,42.15,5,2
185900.12,150.49,4,2,5,13.77,3,59494.41,43.68,5,2
50000.0,108.59,2,2,46,7.85,1,67093.25,12.92,6,4
92136.42,162.04,3,2,4,12.55,3,50372.06,28.98,5,3
50000.0,105.72,3,2,42,11.99,0,33533.91,28.2,2,2
50000.0,48.67,4,1,24,9.73,0,43929.22,53.88,2,3
129001.91,84.72,4,3,17,8.77,3,47118.5,44.44,0,4
108470.6,54.52,1,3,12,2.14,1,56567.59,15.49,5,3
227775.63,107.7,3,3,42,5.38,2,60664.49,22.72,7,0
213848.51,120.64,2,3,13,15.65,3,72355.52,21.07,6,2
95047.21,178.68,3,2,27,5.82,2,41591.16,33.72,3,4
95841.32,131.44,1,2,17,7.37,1,70174.3,45.72,4,1
72556.76,112.33,4,2,58,7.06,2,54436.15,31.09,5,4
132650.1,149.03,4,3,59,5.43,1,33216.79,35.01,0,2
50000.0,42.61,1,2,56,8.0,1,60203.6,23.36,0,4
84662.9,128.25,2,2,27,7.16,0,79744.01,34.96,7,1
210655.55,146.98,4,1,50,6.07,0,73246.72,25.28,3,0
111855.68,68.25,5,1,55,4.02,1,58855.94,13.59,6,2
166787.88,160.03,4,2,26,3.68,3,76886.56,34.31,1,2
108720.39,131.85,5,1,31,11.63,0,62883.34,29.9,0,4
187794.08,105.46,1,1,46,0.76,1,74717.83,19.03,2,3
151834.51,142.15,1,2,8,8.04,2,35075.96,46.45,2,3
169970.67,199.47,4,2,39,13.66,2,41254.91,22.34,4,1
65265.92,126.37,3,2,31,8.7,3,70935.54,36.09,0,0
146379.17,128.69,5,2,19,6.78,2,83089.24,26.37,6,0
97506.73,103.92,2,3,27,4.33,2,66259.44,45.44,4,4
140724.08,90.26,4,3,32,7.65,1,52539.95,27.62,0,4
209456.94,149.06,2,2,3,14.15,2,47242.26,13.25,3,3
50000.0,90.04,4,1,45,13.37,2,55270.27,38.1,5,0
136508.55,122.5,3,2,56,7.59,2,78204.55,45.4,6,0
50000.0,103.28,3,2,33,12.08,2,54862.09,25.72,0,0
84585.41,136.76,3,1,47,6.67,1,75716.42,36.79,6,1
100217.49,131.68,3,3,2,5.51,2,69788.6,31.29,1,1
106811.15,156.31,1,2,25,11.18,3,85708.89,26.17,6,4
50000.0,102.15,1,2,7,16.23,0,63003.93,38.41,6,3
165984.98,110.55,5,3,5,16.89,3,59256.05,22.0,2,2
63396.28,85.74,2,3,15,8.96,0,76465.08,30.32,3,3
201451.61,104.45,4,1,23,4.01,3,45971.06,32.57,5,1
95603.85,133.21,4,3,47,1.49,0,53339.75,32.21,5,1
139433.86,146.49,1,3,38,4.51,0,34799.93,22.25,2,4
144002.56,87.72,4,3,29,8.36,0,41185.13,50.6,6,2
79152.94,150.44,1,1,44,14.04,0,88850.58,42.62,5,0
194801.97,167.45,5,3,12,3.41,1,70384.72,39.9,4,2
144403.17,134.47,2,3,4,8.24,3,39439.48,44.33,3,2
156137.54,185.69,5,1,24,7.18,0,77922.43,30.69,1,2
93214.07,92.92,3,3,19,6.49,3,49444.54,26.29,2,4
121656.46,76.44,3,3,53,8.01,2,69614.26,19.11,0,1
50000.0,57.74,3,1,17,20.12,0,69390.2,22.97,0,0
250010.27,172.36,5,2,46,7.4,3,84974.86,19.86,0,2
192882.02,142.9,4,1,17,9.41,1,51934.05,24.72,7,0
170928.63,118.05,2,3,1,3.05,3,48896.56,32.76,3,2
134041.49,129.8,3,3,9,15.01,0,20000.0,39.14,1,1
50000.0,80.61,3,3,54,14.1,2,58173.4,38.86,5,0
253037.48,205.6,3,1,44,2.45,3,70879.95,18.28,1,3
156888.81,124.52,2,3,49,1.59,2,72929.61,36.89,1,1
76549.65,123.83,3,3,46,12.46,1,78785.99,41.44,2,0
129784.01,145.4,2,1,11,10.03,3,64347.09,27.46,3,2
139163.78,136.84,3,2,46,2.77,3,67571.72,41.98,0,2
248368.23,127.84,5,2,12,5.0,1,61021.81,38.76,2,1
132167.1,92.33,5,3,49,6.93,1,70611.82,17.35,5,1
50000.0,136.5,2,1,46,4.03,1,45986.36,51.92,1,2
240939.08,185.87,5,3,56,4.93,0,38873.03,22.84,6,0
79195.56,167.09,2,1,54,9.59,0,47568.93,39.57,0,3
252883.24,175.76,5,1,10,10.65,3,63204.36,39.21,7,4
220675.9,102.11,5,2,18,10.48,3,40493.63,17.76,3,1
50000.0,85.36,2,2,34,13.36,3,50501.34,31.79,4,2
102173.27,115.6,4,1,38,6.67,2,50980.59,39.09,7,0
112444.54,121.95,5,3,52,17.75,1,71727.32,17.65,1,1
112726.24,158.3,3,2,25,6.9,3,69901.43,31.0,1,0
50000.0,60.76,4,3,45,10.86,1,61057.29,39.93,1,1
62107.51,173.53,2,2,13,8.46,0,66765.97,40.57,1,2
88177.63,114.47,4,2,53,13.24,1,67061.86,26.03,0,0
50000.0,105.06,1,3,44,10.83,2,54545.71,45.44,3,2
50000.0,84.58,1,2,43,15.34,2,51862.51,43.06,7,0
104778.98,62.08,5,2,23,9.05,1,83050.3,32.41,2,1
114442.03,148.81,5,3,40,12.19,2,22663.08,23.41,0,4
237097.47,122.57,3,2,0,9.51,2,48880.45,18.34,3,4
50000.0,74.85,4,2,50,22.38,0,56943.26,33.78,7,3
111087.92,74.67,1,2,42,14.28,3,68399.27,44.65,2,3
110667.64,108.25,5,3,54,16.7,2,77032.6,28.53,1,2
172038.93,178.42,4,1,21,9.32,3,87850.97,21.41,3,0
100450.74,110.91,5,3,22,8.02,1,58624.34,38.25,1,3
109643.6,67.39,5,1,55,21.25,1,59628.97,31.75,6,1
128584.5,111.4,1,2,53,4.26,2,65439.15,35.16,3,4
56878.04,110.45,1,1,18,7.17,1,52033.19,24.75,5,0
117312.31,40.0,5,3,17,3.69,0,42236.44,26.3,4,4
50000.0,118.1,2,3,11,12.68,2,58556.24,24.7,1,0
50885.24,111.92,5,2,54,7.48,2,71180.58,34.99,1,3
115613.92,144.37,5,1,27,9.99,2,56356.15,26.61,1,3
116719.83,184.71,3,2,27,16.54,1,66201.53,35.92,5,2
164454.3,159.43,3,2,59,6.06,1,31967.74,23.79,0,0
50000.0,110.59,3,3,58,8.1,2,60276.07,34.98,2,1
50000.0,81.27,2,1,32,4.73,3,53948.3,37.04,1,3
171159.2,210.07,2,1,18,11.75,1,40873.14,33.32,1,2
159311.71,122.07,5,1,27,6.29,1,69858.19,39.17,7,3
127873.33,120.49,3,1,58,4.86,2,87684.68,25.19,7,4
188167.41,119.16,2,2,51,12.76,3,74849.38,36.93,0,3
105093.25,126.93,1,2,48,11.64,2,75806.24,32.33,0,0
230695.97,114.95,5,3,36,6.22,1,70687.16,21.9,4,2
157706.07,99.92,4,2,25,4.45,2,69696.77,10.93,3,0
106691.81,100.86,5,2,34,4.97,2,33008.52,13.07,1,1
122838.65,118.85,4,3,33,17.56,2,58080.74,7.92,3,1
179401.66,100.98,3,3,34,11.14,3,67630.05,34.26,6,3
167320.7,95.05,4,3,39,4.76,2,67971.07,26.75,0,2
123262.76,123.73,3,2,15,8.97,1,79075.59,30.87,0,2
121832.36,111.08,1,2,37,5.09,2,44514.04,28.2,4,2
240719.56,172.64,4,3,12,14.19,3,69109.07,35.82,2,2
50000.0,40.0,5,3,22,13.99,0,44024.38,36.11,5,3
133758.43,158.2,3,3,59,6.19,3,56824.51,30.43,5,0
197289.99,163.61,5,2,53,6.45,2,59070.55,31.03,5,3
50000.0,47.43,2,2,21,2.21,0,72938.56,31.43,0,0
136587.8,108.01,3,1,15,5.57,2,71174.3,43.92,1,4
84888.89,107.0,4,2,27,27.92,3,61804.96,9.95,7,4
91316.65,70.74,3,2,47,7.9,0,27719.44,23.29,4,0
197071.01,92.78,5,2,34,12.19,0,66672.51,38.65,2,3
50000.0,81.13,1,3,59,3.81,2,55984.85,41.08,6,1
80731.17,181.33,3,2,44,21.35,2,80877.09,34.27,5,3
173829.33,152.75,4,3,45,7.41,3,77302.4,28.16,4,1
139722.41,164.5,2,1,7,4.38,2,45929.66,48.62,7,3
129449.81,145.26,1,1,43,12.07,0,68732.61,31.78,7,2
50000.0,80.48,2,3,54,22.86,1,69028.66,30.31,0,2
73208.59,101.64,3,3,54,11.59,1,67937.75,43.32,5,4
167437.87,137.13,5,3,21,18.94,3,65993.72,34.76,2,4
55865.43,77.23,5,2,20,9.35,2,69452.32,39.4,6,0
202704.96,144.95,4,1,25,3.55,3,82522.29,40.57,3,1
247777.63,111.59,5,3,39,2.17,1,51729.3,26.28,7,2
50000.0,106.88,1,2,20,7.72,1,46412.86,47.68,7,3
142026.55,144.88,5,1,24,2.12,2,71740.73,5.38,6,0
141269.04,135.55,4,2,40,6.72,0,31749.57,10.2,7,3
85593.37,107.37,3,1,0,7.33,2,69810.36,23.2,2,2
143195.12,160.58,3,2,5,3.84,1,67154.08,25.77,6,2
50000.0,82.16,5,1,22,1.49,0,24817.46,33.63,1,2
112686.97,141.56,2,1,50,8.4,3,50454.95,23.11,5,2
160740.99,140.76,3,2,22,3.54,1,83639.62,29.88,5,3
145531.43,109.17,5,3,42,8.45,3,38142.35,27.95,3,0
67095.98,131.41,4,1,42,6.77,0,63188.87,50.04,6,2
98939.46,76.21,5,3,22,4.37,3,44926.42,21.95,3,4
177098.53,152.34,3,2,31,3.16,1,49365.81,13.17,6,0
87280.13,113.53,4,3,29,16.59,2,88744.78,41.19,5,4
192943.21,101.7,5,3,12,12.02,3,61851.67,22.86,1,3
57220.23,156.72,1,3,42,12.23,1,67754.26,29.08,7,2
50000.0,95.35,4,3,17,16.9,1,58313.03,23.54,6,0
50000.0,70.7,1,3,22,11.51,0,37273.0,37.37,3,2
50000.0,65.52,2,1,14,9.41,1,42226.15,16.26,0,2
182004.81,141.21,4,1,32,6.97,2,77676.45,5.0,7,0
71484.45,75.18,1,1,20,5.18,2,62293.38,42.96,5,2
121730.34,181.42,3,2,56,6.45,3,48445.67,32.47,2,2
50000.0,47.13,3,3,38,4.86,3,59669.22,40.73,2,1
235397.38,179.38,2,1,22,8.0,3,69923.97,42.62,7,1
197429.44,127.39,4,2,26,14.74,3,66817.33,20.84,1,0
127977.32,116.62,4,1,44,9.67,2,48453.16,30.61,0,0
77181.5,100.93,4,1,43,8.42,0,36370.45,35.05,3,2
190845.2,133.97,2,3,17,10.17,3,53894.3,28.92,6,4
100951.32,118.68,4,2,23,8.08,0,76635.73,26.88,5,0
148539.88,158.62,3,3,50,12.59,1,72815.65,27.86,2,2
55956.56,124.0,1,3,46,4.52,1,66156.05,40.84,2,4
75598.61,125.26,3,1,39,1.88,3,57436.79,27.41,2,1
50000.0,107.27,3,3,50,7.29,1,52248.8,36.0,2,0
93349.92,118.01,1,2,41,10.35,0,57715.07,33.47,4,2
188591.22,130.77,3,3,6,2.12,0,71726.57,20.36,1,1
50000.0,60.14,2,3,49,9.2,1,75152.86,33.02,3,3
60869.91,72.81,1,3,47,13.65,3,56073.2,14.61,5,1
74504.27,146.01,3,1,19,4.0,0,98043.47,34.01,5,2
150271.94,125.98,5,2,26,11.16,0,61386.06,38.91,5,4
113588.46,113.56,3,1,5,3.22,2,54795.67,41.21,3,3
166737.18,120.65,2,1,26,15.9,3,82135.04,20.47,1,3
182326.09,132.17,4,1,8,3.29,2,29425.55,24.64,7,3
116073.81,101.11,3,1,52,7.14,1,67200.51,32.84,7,0
70400.78,92.76,4,1,44,11.73,1,58908.02,25.24,0,2
197916.61,126.85,5,2,56,7.09,2,81722.76,10.71,6,3
207340.32,85.76,3,3,30,0.56,3,69073.85,24.58,7,1
107811.44,134.29,1,1,20,8.42,0,62086.53,32.8,6,4
91685.64,60.41,4,1,25,4.07,1,69939.51,40.68,1,2
118829.72,156.02,5,2,39,4.55,3,44166.27,46.89,2,1
100873.03,136.54,1,2,47,13.33,3,74502.3,31.25,6,0
142023.56,128.96,1,3,44,18.05,1,39831.21,35.66,2,3
149614.34,154.39,1,2,12,9.58,1,65377.46,39.61,1,1
151352.86,178.29,1,3,48,9.03,3,60534.22,9.49,1,2
171072.54,155.5,3,1,22,0.84,0,33554.18,19.81,3,1
50000.0,55.57,3,1,19,22.95,2,61034.13,31.03,3,0
69734.82,75.21,3,3,36,8.87,1,64229.8,45.56,4,4
54664.44,98.13,5,2,53,9.25,2,50176.86,36.3,5,3
165911.49,120.91,5,3,52,5.42,3,44813.67,33.3,4,2
172811.99,138.12,5,2,27,8.71,2,67382.66,27.72,5,3
81539.48,94.6,2,1,16,13.71,0,65434.73,34.27,2,3
190365.98,126.54,5,2,27,19.9,3,63402.29,24.04,4,3
79999.55,93.56,3,3,40,9.25,0,60132.63,22.2,4,1
140056.33,98.6,3,3,1,1.8,3,51501.55,23.07,0,1
62172.2,70.77,2,1,24,6.33,0,94082.72,43.4,1,4
50000.0,87.69,2,2,57,7.14,3,55525.04,21.6,3,0
59281.33,72.69,5,2,49,16.16,0,47023.3,26.01,4,2
102109.11,85.84,4,2,40,6.83,3,60816.41,34.71,3,1
136309.98,156.88,2,1,5,24.69,0,57285.88,21.2,5,3
124126.78,86.77,1,2,10,4.39,3,55177.31,32.26,4,0
126782.0,212.13,3,3,56,3.74,0,88114.14,32.26,5,2
50000.0,137.27,1,2,37,12.03,1,43053.78,23.76,7,2
103100.8,126.47,3,1,5,7.97,2,60561.56,27.41,7,2
119655.48,89.96,3,2,44,4.37,3,44059.9,20.56,4,2
136668.76,144.51,2,2,10,3.04,0,51884.63,43.83,7,4
50000.0,99.85,2,3,13,6.58,1,86041.74,32.58,6,2
213999.08,124.27,1,2,1,21.25,3,64221.68,19.51,2,0
109869.94,209.6,3,3,39,2.52,3,64040.56,31.26,0,1
135946.05,116.64,1,3,2,8.62,3,45907.78,31.72,5,0
194313.43,160.22,4,1,54,6.9,2,53630.68,7.57,1,3
50000.0,95.39,1,3,52,6.02,0,87346.82,43.4,1,4
178776.33,118.78,5,3,34,15.59,0,67490.43,20.1,2,4
63519.24,181.98,1,1,32,16.18,3,54904.28,50.9,7,3
148527.18,98.06,5,3,23,5.92,3,66609.11,37.95,2,0
115926.17,183.44,5,1,18,9.36,3,64014.96,18.73,7,0
223822.96,144.77,5,2,17,15.61,1,47408.41,26.86,6,3
68544.8,100.31,4,1,48,11.16,3,54467.88,39.23,1,2
73577.29,142.13,1,3,51,6.34,2,93818.04,27.62,5,2
65823.7,154.04,1,1,23,30.0,0,65880.04,41.78,1,1
180515.12,141.76,4,3,44,18.97,2,36464.37,26.24,0,0
51095.74,65.04,3,2,34,3.92,3,67653.15,29.21,4,0
101609.92,94.55,2,1,0,11.6,1,79546.32,39.5,7,3
68195.29,111.34,1,2,35,2.38,3,46434.33,36.03,0,3
128413.13,117.39,2,3,24,5.26,3,53147.37,20.75,6,2
134464.06,141.72,4,3,44,4.44,3,81806.56,34.34,6,0
72118.04,126.22,3,2,48,16.65,3,60523.69,31.67,7,0
50000.0,73.26,3,1,59,14.62,3,57856.83,20.88,7,4
84208.65,133.31,3,1,42,6.66,0,39959.13,16.1,1,1
188228.04,141.37,4,3,33,4.73,2,76058.49,10.69,4,1
203098.18,139.59,5,2,24,4.9,1,57172.96,27.06,1,2
206647.91,157.83,5,2,15,2.79,3,27435.26,29.46,0,0
50000.0,149.19,2,1,33,6.55,1,36410.44,35.05,0,4
87706.03,136.07,5,1,28,10.56,0,51576.29,38.2,7,0
223214.07,117.54,5,1,18,4.68,2,43907.37,25.86,5,3
96164.47,61.87,3,2,22,13.49,3,46260.57,29.17,5,2
155717.36,135.04,3,1,18,9.13,0,95170.05,22.41,0,1
113251.1,127.27,2,1,24,8.39,0,70612.85,30.87,4,0
109156.57,129.51,1,3,15,5.86,2,21339.82,39.69,7,2
50000.0,75.31,2,1,53,14.91,3,55285.17,31.01,6,1
50000.0,82.16,2,1,50,8.79,2,58657.6,41.63,5,0
218370.67,156.86,4,2,8,7.85,2,37845.99,39.52,5,4
121673.92,118.62,4,2,0,7.17,1,68015.79,44.58,3,2
105538.43,143.85,2,3,41,4.47,1,29379.16,31.29,3,0
166557.51,120.99,2,1,18,11.06,2,76454.2,24.68,5,1
91861.53,121.04,2,3,32,10.17,1,81622.95,36.21,1,1
198836.25,152.84,5,2,33,5.59,0,95288.78,26.27,4,4
98135.08,101.94,4,3,15,10.4,2,36385.06,35.9,2,2
106319.23,123.36,2,2,43,11.72,3,39436.54,23.37,5,2
125202.61,103.82,3,3,39,5.48,3,70390.08,21.72,3,0
51899.28,104.79,3,3,54,9.78,0,77740.2,42.16,4,1
136337.54,109.18,5,1,17,6.11,3,72134.29,19.87,4,1
169530.15,127.77,5,3,33,6.1,3,76195.76,40.22,3,4
163168.87,103.24,1,1,24,8.74,2,80652.41,35.86,7,4
146089.55,163.95,1,1,44,5.22,0,63033.76,30.94,4,2
50000.0,88.69,1,1,5,8.21,2,56811.75,11.07,7,1
57605.81,113.46,5,1,20,10.44,0,39477.34,44.86,4,0
119904.17,104.61,5,3,57,2.76,2,55528.42,20.65,3,3
87651.04,170.64,5,2,5,11.86,2,57826.67,39.53,0,0
137145.67,126.88,3,2,31,15.82,1,45754.73,23.09,5,4
159196.04,156.11,5,2,40,10.25,3,59426.64,22.29,1,0
148178.92,68.01,3,3,47,12.59,0,44064.32,36.69,7,1
95347.75,129.35,1,1,42,2.23,3,76699.99,35.38,2,2
57998.14,151.14,1,2,38,23.96,1,66387.37,18.55,1,3
50000.0,122.88,1,3,30,15.02,0,53105.94,44.37,0,2
113172.1,157.29,2,1,41,8.99,1,62832.61,27.94,6,3
124867.91,101.89,2,2,9,14.63,3,43423.65,30.69,0,3
206242.73,169.33,4,1,29,3.71,2,44944.61,27.03,4,1
304506.08,200.46,4,2,56,13.04,1,50492.18,18.97,1,1
55551.86,107.3,4,2,51,6.32,1,57121.08,37.35,7,4
144718.76,104.41,2,2,17,6.5,2,62118.03,32.9,7,4
113246.11,170.87,2,1,59,2.81,3,62177.35,21.95,0,3
164619.67,175.29,4,3,23,16.76,1,40218.34,39.44,1,4
148318.72,101.7,4,1,51,9.3,3,58789.07,30.55,0,1
175871.5,105.29,5,2,8,15.9,2,47729.17,30.76,2,4
50000.0,110.14,4,1,30,8.79,0,20000.0,47.77,0,3
212994.62,72.94,5,3,14,6.12,1,106133.78,13.92,1,2
50000.0,87.85,3,1,3,8.26,3,48020.24,13.79,4,0
50000.0,84.86,2,3,39,5.15,2,48852.72,16.04,1,4
105963.83,93.13,4,3,8,10.93,2,39803.46,33.64,3,1
96767.59,118.79,2,1,44,11.03,1,44137.61,26.41,1,2
150275.3,128.2,2,2,8,4.6,0,57169.92,27.2,2,1
297013.85,174.27,2,3,25,12.4,1,80277.2,20.58,5,4
87722.62,85.06,3,1,3,12.34,3,57084.77,46.65,2,3
113948.09,154.45,1,3,16,5.98,2,55146.57,50.01,2,0
168729.98,112.51,4,2,15,7.14,0,78004.11,38.99,0,0
103246.39,118.27,1,1,14,11.18,3,52134.05,14.93,2,2
126232.47,143.62,1,1,34,3.4,1,60317.24,25.13,1,0
50000.0,80.7,1,1,56,13.84,2,46176.45,38.27,7,3
57773.36,133.38,2,2,51,13.72,1,85277.0,29.54,5,1
194804.79,125.83,5,3,4,13.01,0,75727.65,39.02,7,3
188827.23,137.24,2,1,54,5.81,0,57705.19,42.48,6,2
162288.66,130.12,2,3,4,13.14,0,54008.35,49.07,4,2
155733.45,205.94,1,3,19,6.99,0,59522.41,23.45,6,0
198448.0,97.68,2,2,14,14.83,0,57924.26,30.81,2,3
130973.87,101.42,1,1,17,4.4,1,36797.71,25.59,7,1
169162.38,98.19,5,3,46,9.18,0,76240.01,9.99,1,3
101549.37,100.56,4,1,1,3.23,0,56592.93,37.02,0,1
113762.36,97.69,1,1,28,5.38,2,88475.11,35.63,0,1
216023.73,161.62,5,2,12,5.02,0,66327.24,24.53,4,3
211064.39,169.72,4,1,3,5.31,2,22183.7,14.02,4,4
83271.59,100.02,3,1,41,4.57,2,40775.65,26.16,1,3
106170.53,90.87,1,3,44,5.93,2,27809.17,37.31,4,1
166860.6,136.5,1,2,9,4.47,1,40589.28,43.37,7,2
76426.85,100.67,3,1,30,15.65,1,35495.97,22.87,7,2
71714.11,142.15,3,3,40,3.09,3,63788.51,41.08,4,0
121092.68,127.1,1,2,7,7.56,3,55258.72,36.22,0,2
76002.84,66.95,3,2,2,8.33,2,71108.1,34.13,1,4
156657.54,174.16,2,3,47,4.7,1,59428.51,17.06,5,1
191375.82,182.86,4,3,45,7.7,0,56395.36,17.5,4,3
114971.82,98.55,4,3,8,15.66,3,90048.1,21.69,1,3
50000.0,106.43,4,3,29,15.89,1,63342.34,26.74,2,4
81105.73,130.01,2,3,52,7.58,0,58792.33,48.01,0,2
133229.35,131.71,3,1,10,8.69,0,47198.39,23.38,5,1
111922.7,143.05,5,1,34,17.08,1,42361.3,37.71,7,2
200702.36,190.36,3,2,36,9.85,3,71557.52,25.35,0,0
50000.0,113.81,1,1,41,13.83,1,70660.44,34.73,0,2
175349.88,92.06,4,1,12,3.08,3,83573.68,29.37,7,0
154100.32,71.72,3,1,35,4.52,2,67183.67,31.77,3,3
87852.04,94.42,5,3,55,3.35,1,54103.46,33.7,1,1
199025.21,118.84,1,2,12,18.02,1,67665.15,27.51,7,0
193868.62,182.81,2,2,11,4.26,3,58795.49,33.74,2,2
53869.0,101.88,2,2,36,8.36,3,72980.78,42.34,4,2
228627.0,127.83,5,2,9,9.54,1,80014.98,22.46,2,3
50000.0,119.43,1,1,59,6.72,0,57471.65,41.86,1,4
228851.3,161.59,4,1,55,3.54,0,86359.64,27.35,7,4
216920.77,208.44,3,3,8,18.22,0,77825.21,26.29,0,2
64931.04,101.42,1,2,51,10.03,2,60265.27,37.0,7,4
182903.08,102.87,2,1,6,13.28,2,70061.15,26.59,3,1
173776.16,156.55,5,1,1,7.62,3,64582.45,33.19,1,4
55834.29,143.87,5,3,53,5.24,2,60329.91,32.26,5,1
232212.31,184.63,3,3,55,16.8,0,88697.18,9.17,5,2
158376.2,140.44,5,3,59,5.31,1,67764.07,34.18,1,2
216290.61,107.42,5,1,22,7.23,2,47385.47,15.59,4,2
72824.98,140.67,1,1,38,8.06,2,44580.45,16.35,2,3
144317.3,158.8,4,3,39,5.16,0,45193.55,33.66,2,4
105390.5,148.72,3,2,38,12.3,2,67342.57,35.37,4,0
151334.49,137.75,1,3,20,13.96,3,54877.29,42.05,3,0
221939.04,157.33,4,3,22,7.6,1,64999.41,19.11,0,2
198783.05,160.93,1,3,28,4.42,0,74045.94,22.59,6,4
221933.79,168.38,1,3,13,2.77,3,90430.7,34.64,6,1
50000.0,142.7,5,1,25,6.98,0,55222.9,42.24,0,0
136225.06,114.15,4,2,50,14.19,3,38871.74,31.92,5,2
222908.49,125.13,3,3,4,6.74,1,86886.03,21.22,3,0
189120.31,162.23,3,2,54,14.76,1,38143.49,45.06,4,0
104436.38,91.41,4,2,30,21.08,3,37553.57,27.38,6,0
199134.6,132.9,5,2,24,14.03,3,86496.75,27.69,1,2
199031.81,106.23,2,3,30,6.19,3,75993.47,15.64,7,2
56582.74,121.01,1,1,49,3.72,3,67272.61,37.24,2,3
278627.9,164.75,5,3,19,8.52,3,59251.19,38.53,7,3
103957.97,126.69,4,2,43,22.94,3,56411.94,22.94,1,3
50000.0,121.63,1,2,54,6.54,1,50237.61,47.51,2,0
114468.49,72.41,3,1,16,1.63,3,55754.35,24.13,1,4
133768.82,146.12,2,3,44,5.77,2,59288.77,36.25,4,2
114478.09,142.59,3,2,1,15.26,1,39383.25,32.24,4,3
199152.41,195.71,4,1,24,16.43,0,47696.57,9.74,3,4
83782.79,109.23,1,2,12,3.92,1,28321.23,35.44,1,3
85953.93,127.67,4,1,57,3.87,0,61168.91,34.54,1,3
158859.64,128.73,1,1,38,1.25,0,61171.52,12.34,3,4
197543.16,175.21,5,3,27,12.1,2,86677.73,45.25,3,3
97003.81,116.66,2,2,41,3.49,3,65633.32,34.58,7,0
94745.06,129.77,5,3,54,4.28,3,51659.37,42.39,4,0
188172.29,141.28,5,2,5,18.28,1,56994.67,12.84,7,0
155237.84,126.53,4,3,2,9.56,3,67302.33,25.9,4,1
50000.0,104.37,2,2,57,5.12,2,63414.19,41.81,7,3
100538.16,126.79,1,3,34,9.92,1,68674.29,14.32,5,1
156072.35,157.58,1,1,17,3.62,1,65655.67,26.19,1,2
173395.68,84.07,3,2,10,12.27,1,56210.34,34.07,7,4
161213.81,124.65,1,2,53,4.52,3,51963.1,11.05,7,2
188852.25,95.5,4,1,19,4.72,3,51156.57,16.79,4,1
165344.15,161.83,5,3,4,18.79,3,46120.93,43.82,6,0
102329.06,66.69,5,2,18,12.32,1,43768.21,30.6,4,3
224327.46,100.44,5,2,21,3.07,1,87576.96,41.77,1,3
123390.77,133.2,2,3,58,11.32,0,61870.65,31.82,3,0
118948.41,174.79,1,1,59,2.56,0,57670.48,54.56,1,3
145246.45,117.7,4,3,18,14.18,3,52561.74,34.39,6,4
66059.97,100.57,2,3,46,11.82,1,66433.19,42.7,0,4
229805.21,185.84,3,3,15,15.87,3,78054.96,27.54,1,4
75134.68,69.32,4,2,23,7.06,3,70848.97,32.11,0,2
50000.0,43.04,4,1,40,6.71,0,73823.84,36.42,7,0
181183.67,135.4,4,1,3,2.15,2,51202.07,38.08,1,4
237806.44,102.43,5,3,14,1.46,3,59938.06,29.61,6,1
91120.11,84.26,4,2,24,15.7,2,51399.33,30.03,0,4
86316.96,144.79,1,3,43,5.78,2,61605.47,35.02,0,2
123626.21,128.53,4,2,54,2.2,1,79088.87,35.01,6,1
50000.0,100.26,5,2,34,3.74,1,66591.06,19.75,1,0
93485.0,75.19,4,2,54,2.47,3,84400.72,32.25,5,0
106270.6,150.54,3,2,13,6.52,0,55672.15,33.21,4,4
67728.2,142.76,3,1,48,8.07,0,47895.58,20.24,2,1
85286.36,116.53,5,2,18,11.59,3,67681.93,39.06,4,1
95599.31,184.63,1,2,37,5.45,3,61782.88,34.13,0,4
50000.0,82.55,1,3,35,8.99,0,64840.53,53.31,7,4
124132.18,66.61,2,3,6,14.14,2,62598.3,29.74,1,3
84516.47,95.78,5,1,29,4.05,3,52733.48,41.36,1,3
137391.66,118.4,4,3,18,1.16,2,62936.04,35.39,7,4
146360.95,128.52,5,2,48,11.76,3,74600.56,49.21,1,2
114344.39,111.56,2,3,24,27.59,3,76141.62,20.3,1,3
59788.28,132.32,5,1,15,7.96,2,52657.25,25.05,5,4
165376.28,76.2,5,3,46,9.03,2,63465.09,20.64,2,1
158729.13,170.53,2,3,53,7.63,0,82156.67,29.22,3,3
134977.34,117.12,1,1,39,7.12,3,52981.64,18.75,0,2
137038.2,159.11,4,1,50,3.21,1,50258.3,14.74,2,0
246312.92,132.0,2,2,7,13.15,1,71916.04,8.67,4,1
196832.67,135.99,3,3,17,5.44,3,69284.39,8.03,3,2
50000.0,139.94,1,2,27,4.11,3,47445.36,36.56,3,2
129619.56,135.67,3,3,15,10.67,3,39008.09,25.45,7,2
152249.65,142.5,1,3,51,8.15,2,63173.34,17.66,1,1
184983.93,166.52,4,2,18,9.64,1,53721.04,23.41,2,2
136776.27,126.88,4,3,41,5.18,1,34738.86,24.72,7,0
162623.65,144.82,5,3,16,3.72,1,49691.96,20.35,4,3
113578.98,116.86,3,3,44,3.43,3,69039.15,46.06,1,1
118196.16,170.4,1,1,12,9.4,2,57728.84,44.17,1,2
160026.96,96.33,4,2,6,6.27,3,83491.56,45.88,6,4
174094.48,183.03,2,1,26,4.74,0,28691.44,31.79,6,3
162203.19,118.59,4,2,9,8.8,0,80069.89,32.8,6,1
89850.04,69.92,2,2,33,3.19,1,54841.45,23.47,5,4
107781.75,124.48,1,3,35,7.59,3,52673.68,21.53,7,4
132468.36,96.16,4,2,24,16.23,0,36732.09,30.22,0,2
194856.61,149.42,4,1,5,28.66,0,66976.23,36.52,3,1
137458.32,97.16,1,1,23,11.76,3,32598.57,41.96,4,2
148022.1,104.38,4,1,17,15.28,2,72268.55,24.54,3,0
50000.0,53.87,2,2,22,8.66,3,37299.54,17.47,2,4
50000.0,104.17,4,1,5,5.88,3,39664.41,37.34,0,0
55872.46,40.0,3,2,28,4.62,2,42131.78,11.82,1,2
74823.37,64.56,5,1,24,8.05,1,49260.75,29.61,0,3
110801.64,146.61,2,1,54,4.7,1,74131.14,30.89,1,4
212010.39,147.5,3,2,16,4.2,1,82559.35,26.21,7,3
63853.15,134.89,1,1,45,1.64,2,50811.1,14.55,6,1
177482.17,86.16,2,3,23,8.47,0,59301.55,26.34,0,4
205961.27,118.33,5,2,10,6.89,2,67348.76,46.43,1,0
84348.31,119.87,5,2,25,8.66,3,55060.31,35.92,3,3
50000.0,79.46,1,2,50,22.82,2,66761.36,41.62,6,1
189055.78,172.62,1,3,33,3.63,0,59938.81,17.83,6,4
202179.04,150.71,2,2,27,4.63,0,56198.1,32.56,6,1
113049.15,112.27,4,1,2,13.5,3,38702.76,30.88,3,0
112360.7,120.94,1,1,10,14.65,1,62235.65,31.08,3,4
90811.91,127.29,4,1,37,5.61,0,74375.64,35.56,3,1
78929.84,48.54,3,2,13,8.52,0,48325.83,31.47,6,2
138321.27,111.35,5,1,50,9.64,0,30475.94,18.11,0,4
144987.3,96.13,4,2,25,6.18,3,55206.74,36.13,1,4
125163.97,84.94,5,1,47,4.7,0,82646.56,38.41,3,4
62188.6,110.16,4,3,20,3.16,1,78179.25,43.19,0,4
251749.36,182.92,3,3,53,7.45,3,51293.07,43.64,1,2
50000.0,142.43,1,3,55,12.57,1,66832.73,34.76,6,0
110871.54,100.01,3,3,38,12.57,0,69203.19,18.57,0,2
158527.91,140.04,1,2,29,4.49,0,82355.07,14.71,6,2
96824.27,168.98,1,1,58,4.91,1,36741.27,27.73,5,1
226420.19,152.36,5,3,7,12.5,3,43967.58,39.19,3,3
50000.0,122.09,3,2,50,16.64,3,29853.67,38.55,2,3
90285.35,97.36,4,3,19,6.86,1,49823.86,32.74,0,1
75918.88,144.44,3,3,47,10.66,0,75994.58,29.63,3,2
184216.81,133.77,5,2,31,5.97,2,51604.21,49.04,4,1
104199.52,151.33,1,2,21,17.75,1,40377.17,35.74,1,4
153585.79,142.23,5,1,58,10.08,1,63399.55,29.13,5,1
190854.98,156.73,2,1,6,10.67,1,63785.53,23.55,3,1
232438.44,101.27,2,3,8,10.37,0,44744.26,19.91,4,4
277124.14,166.11,4,3,44,8.22,3,52409.31,18.93,0,3
183322.78,126.92,5,1,0,8.74,0,62258.65,19.92,0,4
166031.38,192.63,4,1,28,14.91,1,71189.8,32.81,4,0
103175.74,95.88,4,2,7,4.82,0,50266.91,29.82,5,1
150191.47,180.76,2,1,55,8.55,0,48105.35,26.74,4,1
145690.87,126.93,4,1,53,6.67,1,88688.32,37.36,1,3
50000.0,97.2,2,3,3,12.9,0,55889.61,48.09,0,2
134637.8,103.06,1,1,34,10.72,2,63741.51,21.77,4,4
181273.5,108.79,5,3,58,5.17,0,69725.47,23.26,2,2
96372.4,134.85,4,1,2,8.32,0,33196.71,7.83,2,0
144188.21,138.3,2,2,53,6.59,3,59722.1,29.74,4,4
62026.72,99.92,3,1,44,7.85,3,35314.26,28.72,1,0
82657.46,119.15,4,1,39,5.09,1,58038.34,38.93,0,0
130398.68,194.98,1,1,6,5.29,1,80596.86,29.13,2,0
114789.0,180.46,1,3,26,1.88,3,45022.98,24.12,4,4
142825.42,135.27,3,2,0,3.09,2,35003.71,31.93,6,4
75067.33,121.33,2,1,26,5.18,0,88315.29,35.57,4,3
177067.46,124.2,4,3,15,14.56,2,42794.14,13.82,3,1
103792.66,141.47,2,2,37,15.19,2,37521.32,40.07,4,2
131572.15,84.2,1,3,6,4.6,3,84285.47,43.06,1,2
50000.0,110.99,2,3,43,1.68,1,42202.95,35.47,2,0
51251.4,61.6,1,2,22,1.83,0,84673.71,20.65,3,4
91060.99,133.97,2,1,40,4.66,1,64111.36,26.74,2,4
119509.84,142.65,3,3,58,6.15,2,79259.36,41.83,2,0
150231.18,103.09,5,3,10,8.73,2,62791.0,20.22,1,1
141405.38,175.09,3,1,41,16.23,1,76195.54,36.29,4,2
91765.81,77.1,3,1,52,8.55,1,46223.27,29.49,1,3
51863.54,68.75,5,2,32,8.38,3,50795.96,31.6,4,1
75481.72,127.86,5,2,49,11.45,1,28267.33,21.64,3,4
157471.39,156.65,4,2,35,4.96,1,74576.72,33.31,1,0
162061.66,178.94,4,1,36,8.39,3,66293.54,32.59,1,2
159096.42,103.94,3,3,40,9.52,1,44890.13,14.91,6,0
134460.71,157.75,3,3,58,12.3,2,33766.47,29.96,5,4
165893.06,118.65,1,2,16,10.79,1,64227.2,36.14,0,0
50000.0,113.96,1,1,34,15.36,0,85139.32,26.15,1,2
240271.14,150.93,4,3,47,5.66,2,57930.59,5.52,5,0
203221.65,142.83,4,2,4,9.08,3,50123.31,28.85,7,2
50000.0,64.83,1,3,47,0.95,2,45943.89,44.66,0,0
87069.44,171.68,1,3,31,5.75,3,78740.23,26.56,6,0
82053.13,168.3,2,1,2,4.84,0,48311.28,44.29,4,2
116769.95,98.11,2,1,51,13.05,0,54432.31,21.88,7,0
195762.14,133.85,1,3,46,8.39,2,75626.02,18.39,4,1
123575.45,137.29,2,2,34,9.82,1,69562.22,29.95,4,3
121751.18,129.12,5,1,51,6.35,2,55006.36,21.77,5,1
100094.61,100.74,4,3,13,10.7,2,49515.35,33.3,5,3
63904.83,96.49,4,1,47,11.16,0,81983.67,26.27,0,1
59791.74,119.11,1,1,30,5.65,3,43254.45,44.74,4,3
229845.08,161.05,3,1,30,6.49,2,56845.72,25.58,2,0
80131.15,139.03,1,3,16,6.99,1,37411.85,30.9,7,2
81036.77,107.03,2,2,59,8.15,0,77833.01,35.96,1,2
251738.23,147.01,3,2,23,3.56,2,52876.71,39.56,5,4
66488.01,40.0,2,2,51,3.94,2,49505.61,44.8,5,3
139573.54,160.21,5,1,22,7.02,1,69924.94,27.65,5,4
50000.0,59.11,2,3,17,14.66,2,38617.27,26.01,0,4
154638.74,107.31,5,1,49,11.9,2,69530.72,10.86,4,3
75215.94,80.81,5,2,53,4.16,2,54591.86,50.42,2,2
132182.95,74.69,2,2,13,10.89,2,41920.51,33.61,1,3
137221.43,160.63,2,3,49,4.77,1,45146.06,37.52,1,0
119660.43,103.63,5,1,14,4.36,2,49737.0,35.56,4,4
116087.23,132.13,3,2,14,11.46,2,53339.34,30.5,2,4
101802.36,118.36,5,3,5,4.61,2,42022.11,33.5,0,3
171674.29,136.7,4,1,26,4.12,0,64417.74,24.4,5,4
74891.14,122.69,5,1,14,8.18,1,41629.17,26.98,5,2
128946.36,75.1,3,2,49,5.2,0,24523.16,20.5,7,4
203251.47,154.87,4,2,35,2.21,0,88794.29,45.57,7,3
93093.09,102.72,1,1,54,6.09,1,62968.91,35.61,7,2
50000.0,65.52,1,1,7,3.89,0,90142.37,49.76,6,2
76829.75,105.02,3,2,14,8.1,0,44345.11,52.96,4,4
156276.1,172.53,5,1,2,22.34,0,67196.92,15.96,1,3
101858.28,149.76,2,2,46,20.98,1,73419.13,39.85,5,4
149064.81,107.8,3,1,12,15.79,2,57159.81,16.42,6,0
68656.22,107.78,4,2,40,7.89,3,38333.25,31.77,1,0
107754.41,108.74,4,3,33,7.66,3,56032.78,33.15,1,2
231779.74,192.69,1,2,23,9.84,1,69395.95,17.13,4,4
109674.7,133.37,4,2,39,3.32,3,68823.31,22.62,3,0
113437.04,135.05,3,3,31,6.78,1,59975.57,33.6,7,1
150837.88,156.06,4,1,31,9.13,1,73459.32,31.76,6,0
217302.87,128.36,3,3,29,13.48,3,72751.29,19.82,3,4
56787.48,110.93,2,2,51,2.75,0,52144.99,23.02,3,4
120093.56,113.13,1,1,48,29.35,2,37193.71,15.09,6,0
126679.17,117.49,4,3,12,8.7,3,62856.51,17.97,2,4
253696.05,118.7,3,1,0,5.65,3,48800.44,26.29,7,4
208088.04,145.47,5,1,33,7.02,3,62156.23,39.87,4,1
73560.71,121.82,1,3,14,9.27,3,80182.95,41.14,6,2
50000.0,145.64,2,1,43,1.32,1,66562.38,48.33,1,4
206503.07,117.17,3,3,13,6.13,1,79443.84,34.24,6,3
61815.81,122.75,2,2,56,12.28,2,44827.8,31.88,5,2
50000.0,50.06,2,1,28,4.0,2,76311.84,34.95,6,2
228637.02,152.07,4,2,33,23.28,3,85148.97,34.86,2,3
133770.54,132.13,4,2,17,8.91,3,60964.83,13.83,7,0
106524.61,154.93,3,1,53,3.58,3,94830.8,48.89,7,1
126653.94,40.0,5,3,6,4.11,2,47138.53,10.69,3,4
50000.0,193.09,3,1,28,11.93,3,50417.49,41.49,0,0
131024.25,115.11,5,2,54,10.02,0,69749.03,30.56,7,3
124643.71,158.79,2,2,30,9.86,2,60816.98,19.11,7,1
98312.58,83.6,1,3,24,8.54,0,48856.39,35.31,2,1
177738.8,141.45,3,1,37,8.81,3,69286.56,28.82,2,1
133010.16,83.13,3,2,13,10.53,1,65333.12,23.17,4,3
153788.07,98.17,5,2,7,11.42,0,51205.85,16.19,5,0
210542.65,186.99,2,2,26,8.61,2,62835.77,15.34,2,4
77560.86,113.33,2,3,53,7.55,0,71385.38,23.89,6,1
160999.45,127.61,5,2,1,4.31,2,50873.12,26.13,5,1
245010.2,150.45,2,2,16,7.97,3,67754.94,17.89,4,0
155285.3,137.35,4,1,36,7.63,0,46994.35,30.38,6,1
135264.71,125.26,1,1,13,9.0,1,49892.63,19.32,7,1
162818.84,132.77,3,2,24,5.96,0,76673.81,33.6,0,3
120912.01,204.12,1,2,55,8.55,1,69206.19,42.31,1,2
85551.01,117.98,3,1,29,8.46,2,31697.44,32.89,1,0
181414.63,127.04,4,3,28,8.51,3,54386.63,29.06,3,0
99325.39,156.77,2,3,19,4.08,3,67345.45,24.65,7,0
233571.04,158.69,5,3,20,3.3,1,62082.98,44.46,3,3
178339.44,161.55,4,3,52,19.51,2,69273.06,28.06,0,3
69218.71,142.36,1,3,21,11.97,3,61739.72,54.9,1,4
209721.54,79.99,5,3,34,6.97,2,58011.03,18.17,3,3
50911.01,177.17,2,3,36,8.1,1,57552.57,32.9,7,0
150612.65,79.88,4,3,15,6.23,1,76367.69,44.13,5,4
125276.09,130.59,5,1,49,9.08,0,70424.09,23.1,2,2
99564.55,93.6,4,3,57,8.89,3,66071.16,27.64,4,1
134174.32,117.76,4,3,48,9.08,3,61332.5,36.26,6,1
150356.35,131.51,2,3,42,4.37,0,51767.72,33.88,3,4
50000.0,131.25,3,2,16,10.85,1,55398.7,35.6,0,2
200947.72,134.77,5,1,15,8.44,1,75970.07,41.6,6,1
112631.69,176.48,2,1,57,8.87,1,74557.54,26.53,1,4
169326.87,135.87,4,1,54,0.86,1,50271.41,44.37,7,3
195021.1,111.45,2,3,1,5.25,2,61498.8,12.8,0,0
158468.55,153.74,3,3,3,11.84,3,67477.01,40.77,4,2
176520.55,161.63,5,2,20,8.8,3,66497.77,41.47,4,1
50000.0,77.03,3,1,38,13.91,1,66382.24,22.26,0,0
219842.77,140.91,1,3,33,11.1,1,43318.88,15.49,3,4
80541.76,144.54,5,1,29,7.96,1,42427.74,27.68,3,1
106890.13,109.59,3,2,5,11.34,3,77552.92,34.04,1,0
162430.46,168.15,4,2,16,1.68,3,82635.38,26.65,5,3
89125.87,114.75,5,2,38,15.32,1,37777.18,35.02,1,2
98867.17,124.4,5,1,24,4.22,2,59583.6,49.38,2,4
148827.84,113.94,2,3,4,4.17,0,72210.76,16.35,5,1
247567.55,120.55,4,3,4,13.59,0,26943.32,10.46,7,3
50000.0,81.63,1,2,19,4.88,0,43899.93,29.31,6,2
148160.42,69.6,3,3,15,2.77,3,58617.04,23.2,7,2
136900.76,175.81,2,2,50,5.66,3,51041.42,25.2,2,3
50000.0,90.36,3,1,40,0.5,0,63137.15,42.67,1,1
215897.78,85.3,1,2,36,10.03,0,82057.23,28.79,5,2
50000.0,44.63,1,1,39,10.0,2,47208.04,29.71,5,4
187986.02,97.64,5,2,8,6.05,3,60754.09,25.63,2,0
231366.16,73.69,1,3,4,17.33,3,54828.06,29.61,7,4
215985.52,177.47,3,3,41,2.5,0,62045.48,32.69,0,2
96881.83,155.34,4,2,56,6.85,2,60087.0,57.85,3,0
126581.2,95.91,4,3,1,8.86,2,99557.97,32.8,5,3
300372.89,198.84,5,3,8,4.28,0,82343.66,41.63,6,0
187794.93,154.36,3,3,42,2.29,0,36285.97,31.86,6,0
50062.9,108.63,3,1,35,9.07,3,46497.98,9.72,5,0
50000.0,40.0,1,3,21,10.17,0,48332.14,24.33,2,2
120863.29,200.18,3,1,21,2.71,1,41485.87,32.79,5,1
50000.0,71.36,2,2,21,2.8,2,39474.56,37.23,7,2
50000.0,62.41,1,3,33,15.89,0,57324.5,32.1,2,1
93414.85,155.79,2,3,54,13.97,1,48904.69,39.2,0,3
292790.71,205.39,5,3,28,5.89,2,46638.1,15.4,6,3
151714.87,168.45,4,2,37,17.61,1,90307.11,30.49,5,3
157143.77,139.74,5,1,58,13.08,1,49936.84,43.28,4,3
130609.56,140.82,4,1,45,25.44,0,53352.48,20.28,1,3
187161.61,149.87,5,3,32,7.01,2,71121.85,41.21,6,4
96304.3,146.56,3,2,17,13.59,1,53302.07,40.69,0,2
161909.41,129.84,2,2,6,15.31,3,42514.9,17.63,4,1
186276.05,123.65,4,2,0,3.14,2,56130.9,33.38,6,3
59887.5,117.81,1,2,32,5.59,3,90131.0,31.59,0,4
92692.85,93.61,2,2,0,11.7,0,52778.37,28.24,3,4
148414.72,110.18,1,1,23,7.6,3,46323.5,14.73,0,4
150635.37,60.75,2,1,3,5.89,2,66303.45,27.37,0,2
154055.66,116.56,2,1,3,15.24,1,55411.28,28.44,3,3
228516.56,85.4,5,3,17,4.34,1,101084.91,13.02,5,4
203527.84,81.37,4,2,26,5.61,2,48196.55,16.95,1,4
200117.79,126.3,4,3,42,10.33,1,86005.96,20.73,7,3
155904.48,168.72,2,2,58,11.06,3,77450.84,19.52,4,2
232213.4,152.14,3,1,31,2.48,1,54279.82,33.26,6,4
107145.87,65.03,3,3,32,12.56,1,59947.27,39.12,7,1
131617.66,85.36,1,1,27,5.54,3,44551.8,26.89,2,0
50000.0,152.93,1,2,41,7.84,3,51923.38,37.66,1,0
54321.53,85.61,5,2,40,11.15,3,54173.31,39.52,7,0
57926.19,112.14,2,2,54,4.01,0,62367.8,29.15,6,2
81212.85,139.25,1,1,35,16.38,3,38809.8,34.08,0,4
174438.27,86.11,1,2,59,3.69,3,64672.27,27.77,7,0
72362.44,123.69,2,1,5,4.27,0,57811.97,18.77,2,0
195824.05,73.31,5,3,15,6.95,1,65971.62,22.53,3,3
50000.0,98.95,1,2,33,14.02,3,68209.6,33.26,7,4
270430.63,131.19,5,2,22,8.35,2,56610.97,28.79,1,4
50000.0,64.25,4,2,49,8.82,3,67322.97,37.37,5,3
256324.27,135.42,5,3,41,3.86,3,58692.36,11.13,4,4
184756.11,119.31,3,2,23,7.36,0,71152.09,13.53,1,1
162971.96,139.34,3,1,55,6.11,2,64741.89,14.72,1,2
94134.15,127.84,5,1,48,4.48,1,62715.62,31.67,5,3
125183.25,167.74,3,2,12,9.66,1,58463.31,16.22,2,0
195855.05,124.38,4,2,55,8.85,2,79437.24,33.2,3,4
169445.85,104.97,2,3,17,13.6,3,66077.78,37.53,5,1
132468.82,124.28,3,3,53,7.54,0,40178.06,45.16,6,1
204288.07,139.02,3,3,12,7.63,2,52920.74,44.06,3,2
60506.52,121.71,5,2,48,10.49,2,56571.23,23.05,5,1
76840.48,121.42,4,3,36,12.05,1,59983.15,13.3,1,4
54208.34,95.43,2,3,42,14.94,0,62650.61,23.68,3,4
66094.19,96.8,5,1,38,3.4,2,45836.75,39.77,2,1
81170.36,70.91,5,3,41,6.63,0,58980.03,26.1,2,4
199882.06,181.24,4,1,16,15.25,3,55288.18,29.76,4,4
142849.25,76.46,2,1,14,8.04,1,76271.16,24.43,3,0
105092.86,95.75,4,3,17,9.73,3,45073.83,45.81,4,3
82462.8,94.86,2,1,22,3.97,0,59739.32,19.86,6,4
207564.16,151.32,4,2,53,4.31,3,49719.22,30.67,5,4
65953.7,109.68,5,2,50,17.53,1,87944.94,41.08,0,2
147060.25,163.67,5,3,29,23.33,0,78849.2,48.42,6,3
52400.79,96.43,1,2,57,4.78,2,35364.63,23.05,2,3
126362.01,129.76,3,1,33,5.67,3,48056.79,39.61,1,3
50000.0,90.76,4,2,57,18.73,1,73063.85,23.68,7,1
204830.96,195.08,1,3,3,10.52,2,66859.25,43.77,2,0
91214.36,78.43,3,3,2,3.99,1,66388.98,47.29,0,0
108755.65,130.84,4,1,6,9.15,0,62862.79,21.1,1,2
143858.22,142.18,2,3,55,6.68,0,74268.0,36.53,3,3
121821.79,134.48,3,2,17,10.61,3,71714.65,41.13,7,3
111369.47,113.51,5,3,41,8.32,1,55641.66,27.06,3,4
50000.0,115.46,1,1,6,5.83,1,42011.12,35.48,6,1
50000.0,121.53,3,3,39,6.39,1,34649.02,36.0,7,1
124203.39,114.85,3,2,5,7.93,0,58445.42,50.1,2,2
247297.7,153.74,5,1,21,2.23,3,32401.48,10.29,1,0
165522.03,197.37,4,2,57,5.86,1,63764.95,29.44,5,3
94050.59,100.49,2,1,0,10.36,1,55379.53,17.5,7,2
68922.78,72.06,5,3,3,4.68,2,89158.67,30.14,1,1
50000.0,116.91,2,1,45,7.4,1,65146.94,22.17,4,1
219937.13,210.29,4,1,48,5.4,3,59561.62,27.45,0,1
50000.0,91.87,3,3,51,12.24,2,35757.45,21.26,6,3
78442.66,177.37,2,2,49,8.59,2,41065.18,31.55,3,3
164634.14,178.72,1,3,42,6.49,2,70220.31,40.74,2,3
50000.0,100.62,1,1,28,20.72,0,55303.55,26.27,1,4
194373.84,139.91,5,3,20,7.46,2,98030.64,44.31,3,0
138489.11,176.99,4,1,25,10.42,1,58754.23,40.44,2,1
102834.16,106.73,5,3,13,12.01,0,62533.83,50.34,7,1
50000.0,112.87,5,3,8,30.0,0,40246.55,34.11,3,4
55268.27,99.64,5,2,58,10.6,0,74211.47,29.38,2,1
50000.0,84.48,1,1,46,4.25,0,46114.19,14.15,3,1
50000.0,97.28,1,2,11,5.42,0,67866.18,22.18,5,3
57313.43,77.16,5,1,41,7.65,0,72176.9,27.92,4,3
54378.81,121.19,1,3,50,7.27,0,61427.9,29.1,0,0
50000.0,93.05,4,1,55,3.85,2,86354.56,53.49,3,1
58135.73,128.18,5,2,50,29.96,3,50839.45,27.93,0,2
138360.79,65.54,1,2,5,12.65,1,85133.1,12.32,3,1
135196.4,131.58,2,2,19,15.45,1,40935.81,36.65,6,1
185088.84,149.17,5,1,23,23.08,2,71985.43,36.06,1,0
50000.0,50.22,5,2,26,11.85,2,57863.8,25.41,4,2
72826.75,133.09,4,2,37,8.61,0,49378.01,51.28,6,1
247450.42,162.97,3,2,7,17.6,3,35080.82,11.03,5,2
50000.0,77.66,3,3,0,8.72,0,56089.96,42.49,4,3
116642.47,178.54,4,3,53,6.25,2,55142.77,27.09,0,3
101230.69,134.67,4,1,48,1.53,0,62593.59,20.5,1,2
137395.83,95.32,4,1,48,11.96,1,70872.22,54.0,2,1
50000.0,118.05,3,2,23,16.55,1,47873.01,37.37,6,2
212371.86,139.54,4,3,46,8.94,0,86374.02,27.02,4,2
139914.58,122.66,1,2,6,11.34,3,51921.98,26.81,5,3
123806.43,138.86,5,2,18,4.02,0,69032.91,32.75,6,2
287763.48,87.78,5,3,21,3.92,0,61352.51,25.38,1,4
71763.65,125.93,2,3,56,22.61,3,57019.35,43.0,1,4
87129.97,70.52,2,3,54,8.02,3,60600.86,30.88,0,3
117312.71,116.11,5,1,59,8.59,3,45895.69,40.18,5,1
57334.83,88.36,1,1,34,10.8,1,54186.51,32.08,1,1
204602.98,94.26,3,2,29,4.08,0,39903.67,38.7,7,3
196780.11,163.26,3,1,28,11.12,2,51760.94,43.46,1,1
50000.0,158.2,1,3,21,22.04,3,53000.0,46.81,2,0
287075.01,141.32,3,3,10,5.66,3,72678.32,34.91,0,4
50000.0,81.77,4,1,19,15.59,0,55021.12,21.33,0,0
152827.04,108.93,5,2,28,8.11,2,53278.78,28.27,5,0
67661.83,162.46,5,2,50,6.24,0,63300.6,29.74,1,0
93881.97,124.96,1,1,40,26.26,0,62712.79,24.27,2,3
139983.74,201.18,3,2,41,20.39,3,51134.39,22.6,3,0
60241.08,133.77,2,2,33,15.81,3,65913.43,31.75,4,2
218721.76,126.72,2,2,0,10.49,1,57320.29,20.17,7,1
228297.48,109.18,3,3,30,8.67,2,51110.05,18.23,6,3
200721.79,124.67,2,3,29,14.95,2,52567.82,13.06,0,2
50000.0,114.66,1,1,47,8.92,3,74240.26,34.8,2,2
259389.7,144.78,1,3,17,1.6,3,53018.58,33.41,5,4
148719.93,153.48,3,2,54,3.46,3,63916.88,26.75,2,4
114530.36,92.49,2,3,57,23.11,2,40764.0,39.94,1,2
138317.98,73.41,1,1,16,9.91,1,76729.57,20.01,7,4
63660.61,55.73,1,3,37,7.49,2,51255.09,33.81,4,1
142912.53,137.78,4,2,13,15.73,3,66004.34,30.54,0,1
144802.9,81.38,4,2,22,5.27,3,56226.48,22.59,3,4
50000.0,44.65,1,1,24,10.11,1,65832.51,25.07,1,0
92828.65,133.6,3,3,14,10.63,0,66651.6,24.31,0,2
188682.28,207.25,5,3,45,6.36,0,57830.05,32.53,6,1
182488.01,119.79,5,3,55,9.68,2,32010.53,35.93,5,4
78584.85,149.35,1,2,21,4.55,0,76365.23,25.74,0,4
188278.1,122.86,1,1,2,3.67,0,57901.46,22.88,2,1
108187.52,116.54,1,3,55,8.19,2,65520.09,31.37,6,1
191772.61,152.17,3,2,54,12.57,3,70375.78,13.48,4,0
181783.01,109.84,4,2,18,9.77,0,53142.39,30.34,7,4
134730.96,129.36,1,2,56,8.2,3,67757.03,45.62,3,4
132811.05,131.26,1,3,43,6.78,2,48785.97,22.96,4,3
114622.02,96.62,2,3,33,6.69,3,65813.14,28.23,2,0
207650.35,154.72,3,3,34,3.22,3,60295.54,40.25,3,1
50000.0,113.88,1,3,49,16.77,2,53662.57,37.55,3,1
89422.72,93.55,2,3,0,10.68,3,60704.88,30.62,7,2
83921.89,138.78,5,3,51,13.74,0,44172.1,29.41,1,1
130310.3,88.55,1,3,20,9.5,0,64635.6,17.64,3,4
191391.55,120.99,1,3,28,5.64,0,66192.33,34.91,0,1
188216.3,119.68,2,3,5,3.08,0,65184.6,16.57,4,4
319662.63,158.01,3,2,36,8.14,3,82532.56,9.35,5,4
162793.25,136.61,1,3,0,4.32,0,58575.39,40.08,5,0
101725.24,119.12,5,1,50,4.94,3,59608.16,33.87,4,1
144517.68,148.62,1,2,0,17.4,1,42445.96,38.8,1,0
211639.23,168.66,5,3,26,15.78,3,83587.04,22.63,3,4
116677.07,139.52,4,1,20,9.41,0,37527.85,34.66,2,1
72623.78,120.36,4,3,52,7.28,1,63428.45,25.61,6,1
50937.25,74.09,5,1,15,2.71,2,50778.28,26.73,6,0
89906.76,82.72,3,1,43,2.08,3,60934.75,39.74,0,0
85556.6,109.32,1,1,58,11.94,0,40379.11,28.5,1,4
168137.86,98.67,1,1,53,12.34,0,73374.95,23.04,6,4
101875.47,113.46,4,2,39,3.68,0,45672.31,16.34,7,1
251458.51,121.98,5,2,25,3.96,2,77493.8,33.61,7,1
154837.44,138.54,1,1,15,11.19,1,46085.84,40.59,3,3
104920.55,117.53,1,3,27,14.31,1,74628.19,22.17,5,3
175902.69,137.03,3,1,0,13.72,0,47535.53,36.89,2,2
160111.75,122.26,2,2,35,18.61,3,50780.85,20.57,3,4
97608.89,50.86,4,3,9,24.13,0,59972.31,37.49,1,2
205280.37,87.12,4,2,42,6.14,0,47281.1,30.33,7,2
174680.18,114.96,2,2,16,3.6,3,46839.36,32.68,2,0
50000.0,77.66,1,3,56,3.64,0,47454.88,23.03,6,0
129751.44,141.0,3,1,58,4.79,2,64782.83,33.58,2,3
75540.33,173.58,3,1,22,9.26,0,59993.26,24.02,2,2
197234.0,162.66,4,1,6,7.7,2,60789.47,25.86,2,3
137141.59,112.53,3,1,43,5.68,0,55130.51,14.82,7,4
136728.32,172.18,2,3,52,8.42,1,68230.5,22.28,6,1
115705.84,125.2,1,3,6,5.4,3,75750.87,24.75,3,0
72124.97,108.2,2,3,43,11.48,1,68634.26,33.13,2,4
95112.25,98.53,5,2,14,14.78,0,56865.43,35.96,3,4
100419.63,109.41,4,3,33,9.18,0,41688.22,23.92,2,0
91615.81,106.41,3,1,45,5.78,2,30343.79,28.36,7,0
119091.45,125.96,5,2,44,10.59,0,59027.03,46.86,2,2
68530.31,125.62,3,1,3,17.49,0,30102.13,31.31,1,3
167156.51,120.11,1,1,13,11.59,0,57010.42,24.63,3,4
180996.08,135.29,1,3,13,8.78,1,81039.35,13.2,5,2
239397.76,161.67,1,3,15,3.84,2,42697.95,21.46,7,2
167049.09,153.23,3,1,6,2.09,1,40708.4,21.07,3,4
223038.15,68.03,5,1,31,10.49,2,69554.01,49.78,7,4
50000.0,40.0,1,2,18,15.62,1,20000.0,21.52,4,1
299281.39,152.7,5,3,1,7.17,0,65727.12,30.51,6,3
105739.81,72.16,3,2,9,1.74,1,82027.64,33.71,5,4
50000.0,112.13,5,2,49,14.03,1,46912.73,41.07,1,0
92632.36,79.05,3,2,16,3.23,2,44336.4,30.08,3,1
191189.98,56.93,3,1,36,9.03,2,68850.35,24.9,1,3
137300.48,138.95,4,2,11,12.37,1,42438.84,24.23,5,0
128614.09,146.57,3,2,5,2.97,2,72162.28,33.56,1,0
160119.71,99.82,3,1,21,12.14,2,43660.35,23.16,1,3
94107.83,40.0,2,3,31,4.36,2,86526.04,18.96,0,1
79677.38,100.88,1,3,40,14.5,3,69934.58,24.89,3,0
143511.85,133.71,4,2,19,7.02,2,60570.66,16.76,1,2
133045.43,68.24,4,1,0,4.45,3,85661.32,48.51,0,3
184875.21,126.42,4,3,53,9.41,3,75473.16,35.97,0,3
150925.78,119.46,2,2,46,5.26,2,65529.25,46.21,7,4
64651.94,140.28,3,2,52,6.5,1,32051.7,34.85,2,1
50000.0,124.19,1,1,57,14.77,2,49477.59,45.25,2,2
50000.0,85.94,5,2,5,13.58,0,76281.14,33.67,6,2
129628.29,161.88,3,3,18,5.32,1,40498.11,37.26,5,4
124311.79,114.45,2,1,17,5.18,3,48514.15,8.66,3,0
165370.39,119.04,3,3,5,4.77,3,44668.53,20.86,2,0
62731.88,87.34,3,3,44,19.03,1,66035.35,30.37,5,2
255093.71,104.49,2,3,32,6.6,1,74454.18,30.61,3,1
143804.94,89.03,4,2,22,11.41,2,74468.98,29.24,5,0
78305.78,113.95,4,2,22,10.88,3,47207.71,34.53,6,3
186890.28,179.91,1,3,25,15.76,0,65829.88,34.94,6,4
86451.07,71.98,1,3,12,5.73,2,46501.76,38.65,0,1
50000.0,63.53,4,1,6,4.93,1,56841.77,36.69,0,0
186362.58,171.49,5,1,14,13.12,3,67802.52,42.04,3,2
137573.11,112.67,3,2,43,7.7,1,75920.63,42.12,5,4
159586.01,96.58,5,2,26,5.22,1,27759.05,31.75,5,0
50000.0,156.4,3,1,25,9.42,1,61479.52,50.82,2,2
147918.87,98.8,4,3,32,6.0,2,81109.4,43.59,2,0
220854.24,183.91,1,2,14,20.75,0,63483.29,21.93,3,4
220089.94,143.73,1,3,35,6.85,0,61239.2,33.93,4,3
71516.55,102.92,5,1,44,10.8,3,51554.89,11.57,2,3
159224.66,195.51,1,2,54,9.33,1,80711.29,13.26,1,2
122226.75,98.8,4,2,26,3.72,0,52248.24,25.01,2,3
189838.84,145.97,5,1,56,5.82,1,58497.76,21.25,4,4
180176.68,130.48,3,2,4,3.22,3,52946.8,25.07,5,2
97461.65,165.56,1,1,1,5.75,1,61622.93,33.28,0,0
132700.58,174.65,2,2,54,11.09,0,81384.78,42.25,7,1
50000.0,121.12,1,1,57,6.42,1,46408.4,41.72,7,0
109837.19,93.63,3,2,32,8.88,0,61688.3,34.13,0,4
150768.54,136.1,5,3,15,19.38,3,65865.97,19.13,5,2
50000.0,96.28,3,3,22,10.14,1,47815.02,24.43,0,0
219427.31,190.47,2,3,37,7.33,0,59114.76,36.37,2,2
278265.82,124.78,4,2,54,10.45,3,87770.1,21.74,6,3
184482.24,107.21,1,2,15,7.4,1,33472.66,17.33,0,1
177568.09,126.46,5,3,13,13.65,3,53681.99,34.92,6,4
154603.42,72.85,4,3,28,6.09,0,63758.39,29.52,4,0
50000.0,85.99,3,1,25,11.03,1,54360.86,27.89,6,1
201294.08,162.01,5,1,34,9.78,1,103293.71,41.1,4,4
92752.21,97.01,4,1,14,2.67,1,68230.36,40.89,2,4
202663.63,83.36,5,3,2,7.17,3,44334.46,47.81,5,3
185201.04,138.78,2,3,22,12.58,3,24948.61,23.49,1,2
236923.47,161.5,2,3,28,12.2,0,65104.14,34.3,2,2
85933.26,145.16,1,1,33,5.38,2,48665.71,30.19,0,1
214023.01,154.86,1,2,32,7.62,1,79333.48,33.38,2,3
148268.76,93.51,2,3,40,10.76,1,55877.02,18.66,7,4
130827.05,70.24,5,2,40,4.82,0,51474.73,15.98,7,3
174964.79,172.55,2,2,22,9.98,1,51221.29,29.6,4,3
241619.66,108.71,1,2,6,1.54,3,74797.64,21.57,2,1
112724.82,111.22,2,1,2,7.01,3,66233.75,39.38,2,2
150604.54,166.49,2,2,57,9.82,1,86339.35,14.99,1,3
72801.43,139.47,5,3,31,15.37,1,56773.39,15.82,4,3
156898.27,135.96,4,1,30,7.81,3,72934.19,25.83,3,3
221386.35,195.78,1,3,17,7.45,1,73190.64,14.62,3,0
50000.0,97.48,5,3,42,29.68,3,70107.2,46.76,4,3
93737.77,152.47,2,1,6,12.64,2,52352.13,28.17,3,3
50000.0,122.0,2,3,40,6.18,2,67101.12,23.97,0,4
126696.64,129.4,4,3,0,9.68,1,58541.36,34.68,3,0
230304.49,173.5,1,1,13,4.59,1,58147.26,38.84,7,3
50000.0,137.77,1,3,51,19.1,1,47912.85,32.07,0,3
174117.09,138.84,3,2,31,5.98,3,28194.92,29.32,4,1
238626.81,157.54,1,3,5,7.54,2,78725.65,20.17,3,1
232077.97,107.23,4,2,38,6.43,2,66473.38,36.31,3,0
162736.84,90.63,3,3,9,5.1,0,39852.03,44.17,5,4
141912.84,83.43,3,1,6,12.37,0,70765.66,27.8,6,0
81999.41,51.18,2,1,25,3.59,1,79022.03,21.51,0,0
176566.75,191.97,2,3,33,9.65,3,71665.01,31.81,0,1
91574.51,81.39,1,1,29,5.39,1,46625.43,30.03,2,1
199966.18,112.26,3,3,35,9.97,2,49020.12,17.84,1,4
137536.78,110.31,2,1,20,4.74,1,51781.86,24.97,7,3
136384.88,130.76,4,2,59,20.46,1,72916.27,47.88,3,4
345966.5,148.55,2,3,16,7.66,2,67184.4,16.52,5,3
146544.66,150.12,2,2,32,18.11,2,101854.37,23.09,1,2
121653.48,99.59,3,2,9,15.53,2,35386.72,20.51,6,1
125787.6,114.15,3,3,50,11.74,2,59211.02,21.4,6,2
133674.58,129.89,5,2,46,9.34,0,31083.67,25.55,7,2
206466.58,111.3,4,3,41,6.19,3,68949.72,34.48,5,1
138634.6,176.26,3,2,50,12.08,3,76003.42,43.09,1,2
187710.74,137.18,1,3,11,2.81,2,81631.59,32.03,7,0
171114.72,145.72,4,3,55,8.58,3,62827.83,23.16,7,3
179162.37,143.2,4,1,15,5.01,3,31300.36,45.4,7,4
180487.12,161.07,3,3,40,9.91,3,59247.77,9.31,7,1
77757.18,126.34,4,3,31,10.57,3,66551.85,36.73,3,0
129408.48,74.61,3,2,14,17.77,2,44922.81,19.73,6,4
234940.22,133.99,2,3,26,17.08,1,56025.32,29.49,7,4
99920.34,97.2,5,1,27,5.84,1,40844.26,35.63,5,4
50000.0,101.5,2,2,16,14.41,1,50809.43,13.95,0,2
215891.2,140.52,3,2,45,7.56,0,73687.0,31.42,2,2
152282.14,163.34,3,1,58,4.72,3,70202.44,32.18,5,2
95254.48,120.74,2,2,49,16.79,2,39071.71,44.62,4,2
50000.0,130.81,1,2,57,5.8,2,49425.22,57.15,6,0
212692.9,179.58,1,2,1,5.15,0,60856.38,14.47,7,2
161624.97,128.43,1,2,35,9.97,2,63397.86,44.17,6,1
187593.01,211.06,3,1,49,8.32,1,50056.56,29.62,7,4
179412.23,139.79,4,1,6,1.64,0,67146.86,21.91,3,0
50000.0,58.37,3,2,12,9.6,2,59470.77,33.69,3,2
202386.0,146.37,4,2,14,9.92,0,21350.55,16.98,4,4
85844.92,133.34,2,1,24,6.97,0,51424.95,17.57,6,0
258932.09,165.14,5,1,22,15.8,2,50996.61,12.65,7,4
90654.57,143.56,4,1,59,13.05,1,70174.11,35.46,1,0
106200.08,115.15,1,2,21,16.98,2,70440.89,33.27,2,3
135663.83,77.15,3,2,25,3.54,3,34918.46,21.86,1,0
123880.08,112.68,2,3,32,11.33,3,66577.08,45.24,4,2
189435.45,90.23,1,1,10,11.18,2,58890.54,23.37,4,4
182847.71,99.68,2,2,9,6.28,1,61896.37,42.83,2,4
117090.83,140.6,5,1,24,4.63,3,50792.59,31.22,4,4
162198.92,178.45,3,2,36,13.48,3,59072.55,23.24,4,1
171828.72,133.81,3,1,47,7.73,2,77254.9,28.85,6,1
55191.18,78.14,5,2,42,19.08,2,61682.79,17.46,5,2
50000.0,135.56,3,3,52,17.99,2,59363.6,32.17,7,3
136712.58,161.88,4,3,37,3.68,0,52811.95,30.31,6,1
50000.0,98.66,2,1,40,7.92,0,75783.84,35.27,2,0
50000.0,115.31,1,2,44,9.62,0,40788.18,38.79,3,2
97186.52,120.51,5,2,23,3.95,2,47970.46,31.16,1,3
50000.0,92.53,4,1,39,10.94,1,39926.83,15.24,3,0
165578.99,142.69,1,2,45,11.09,3,63010.28,39.32,3,4
105314.4,115.77,1,1,55,11.91,0,77696.21,30.15,5,1
169908.76,134.68,5,2,32,9.57,1,55068.07,11.06,1,0
110150.22,88.94,4,1,16,7.33,2,43958.92,33.1,3,3
136517.26,104.69,1,2,23,8.49,0,84546.7,33.85,7,2
67078.48,145.28,1,1,36,4.11,2,66769.25,26.42,2,0
148515.02,106.95,4,2,56,11.7,1,64162.86,28.02,1,2
224296.7,180.44,3,3,1,2.41,0,57147.14,24.05,0,4
137507.81,106.01,1,2,31,8.42,0,70035.21,34.16,5,3
126396.96,127.86,2,1,56,12.23,0,63927.83,31.4,7,3
157871.04,152.64,4,3,59,11.66,0,52780.97,20.92,3,1
60169.83,70.36,1,2,23,13.59,1,55292.96,46.18,7,3
128879.96,58.37,5,3,8,9.94,0,44701.7,23.34,7,0
132058.53,66.6,2,2,3,5.03,3,42831.52,5.0,4,0
189314.77,164.19,1,3,16,7.07,3,55550.22,25.29,1,0
98757.74,100.68,2,1,16,11.05,2,77313.22,40.31,0,4
148761.85,209.54,2,2,52,1.6,0,44487.55,27.93,4,3
163876.19,100.25,3,2,49,15.5,3,72545.55,13.65,7,3
89830.73,126.46,2,1,47,14.12,3,48015.98,19.72,0,0
270843.98,173.97,3,3,29,3.94,3,33200.95,19.19,7,1
87411.23,190.21,4,1,39,7.07,1,68199.0,24.25,3,1
182248.78,192.15,3,1,57,4.63,0,84431.52,27.38,7,3
166826.46,162.29,5,3,10,5.66,1,47163.97,34.94,4,3
95553.87,155.84,1,1,20,3.47,1,36451.94,31.28,3,2
204061.57,140.74,4,2,20,9.39,3,66823.72,31.76,4,3
